-- -----------------------------
-- 表结构 `muucmf_muushop_cart`
-- -----------------------------
CREATE TABLE IF NOT EXISTS `muucmf_muushop_cart` (
  `id` bigint(20) unsigned NOT NULL AUTO_INCREMENT COMMENT 'id',
  `uid` int(11) unsigned NOT NULL DEFAULT '0' COMMENT '顾客id',
  `create_time` int(11) unsigned NOT NULL DEFAULT '0' COMMENT '创建时间',
  `update_time` int(11) unsigned NOT NULL DEFAULT '0' COMMENT '更新时间戳',
  `sku_id` varchar(255) NOT NULL COMMENT '格式 pruduct_id;尺寸:X;颜色:红色',
  `quantity` int(11) unsigned NOT NULL DEFAULT '1' COMMENT '件数',
  PRIMARY KEY (`id`),
  UNIQUE KEY `us` (`uid`,`sku_id`)
) ENGINE=InnoDB AUTO_INCREMENT=217 DEFAULT CHARSET=utf8 COMMENT='购物车';


-- -----------------------------
-- 表结构 `muucmf_muushop_coupon`
-- -----------------------------
CREATE TABLE IF NOT EXISTS `muucmf_muushop_coupon` (
  `id` int(11) unsigned NOT NULL AUTO_INCREMENT COMMENT '优惠券id',
  `create_time` int(11) unsigned NOT NULL DEFAULT '0' COMMENT '创建时间',
  `update_time` int(11) unsigned NOT NULL DEFAULT '0',
  `expire_time` int(11) unsigned NOT NULL DEFAULT '0' COMMENT '过期时间',
  `publish_cnt` int(11) unsigned NOT NULL DEFAULT '0' COMMENT '总发放数量',
  `used_cnt` int(11) unsigned NOT NULL DEFAULT '0' COMMENT '已发放数量',
  `title` varchar(32) NOT NULL DEFAULT '' COMMENT '优惠券名称',
  `img` int(11) NOT NULL DEFAULT '0' COMMENT '优惠券图片',
  `brief` varchar(256) NOT NULL DEFAULT '' COMMENT '优惠券说明',
  `valuation` tinyint(3) unsigned NOT NULL DEFAULT '0' COMMENT '类型, 0 现金券, 1 折扣券',
  `rule` text NOT NULL COMMENT '计费json {discount: 1000}',
  PRIMARY KEY (`id`)
) ENGINE=InnoDB AUTO_INCREMENT=10 DEFAULT CHARSET=utf8 COMMENT='优惠券';


-- -----------------------------
-- 表结构 `muucmf_muushop_delivery`
-- -----------------------------
CREATE TABLE IF NOT EXISTS `muucmf_muushop_delivery` (
  `id` int(10) unsigned NOT NULL AUTO_INCREMENT COMMENT '运费模板id',
  `create_time` int(10) unsigned NOT NULL DEFAULT '0' COMMENT '创建时间',
  `update_time` int(11) NOT NULL COMMENT '修改时间',
  `title` varchar(32) NOT NULL DEFAULT '' COMMENT '模板名称',
  `brief` varchar(256) NOT NULL DEFAULT '' COMMENT '模板说明',
  `valuation` tinyint(3) unsigned NOT NULL DEFAULT '0' COMMENT '计费方式, 0 固定邮费, 1 计件',
  `rule` text NOT NULL COMMENT '计费json {express: {normal:{start:2,start_fee:10,add:1, add_fee:12}, custom:{location:[{}],}}}',
  PRIMARY KEY (`id`)
) ENGINE=InnoDB AUTO_INCREMENT=7 DEFAULT CHARSET=utf8;


-- -----------------------------
-- 表结构 `muucmf_muushop_messages`
-- -----------------------------
CREATE TABLE IF NOT EXISTS `muucmf_muushop_messages` (
  `id` bigint(20) unsigned NOT NULL AUTO_INCREMENT COMMENT '留言id',
  `parent_id` bigint(20) unsigned NOT NULL DEFAULT '0' COMMENT '父级id',
  `reply_cnt` int(10) unsigned NOT NULL DEFAULT '0' COMMENT '评论数',
  `uid` bigint(20) unsigned NOT NULL DEFAULT '0' COMMENT '用户id, 0表示商户回复',
  `extra_info` varchar(255) NOT NULL DEFAULT '' COMMENT '其他信息',
  `brief` varchar(255) NOT NULL DEFAULT '' COMMENT '留言',
  `create_time` int(10) unsigned NOT NULL DEFAULT '0' COMMENT '创建时间',
  `status` tinyint(3) unsigned NOT NULL DEFAULT '0' COMMENT '0 待审核, 1 审核成功,  2 审核失败',
  PRIMARY KEY (`id`),
  KEY `parent_id` (`parent_id`)
) ENGINE=InnoDB DEFAULT CHARSET=utf8;


-- -----------------------------
-- 表结构 `muucmf_muushop_nav`
-- -----------------------------
CREATE TABLE IF NOT EXISTS `muucmf_muushop_nav` (
  `id` int(10) unsigned NOT NULL AUTO_INCREMENT COMMENT '导航ID',
  `pid` int(10) unsigned NOT NULL DEFAULT '0' COMMENT '上级导航ID',
  `title` char(30) NOT NULL COMMENT '导航标题',
  `url` char(100) NOT NULL COMMENT '导航链接[如果是分类即显示分类ID]',
  `sort` int(10) unsigned NOT NULL DEFAULT '0' COMMENT '导航排序',
  `status` tinyint(4) NOT NULL DEFAULT '0' COMMENT '状态',
  `target` tinyint(2) unsigned NOT NULL DEFAULT '0' COMMENT '新窗口打开',
  `color` varchar(30) NOT NULL,
  `band_color` varchar(30) NOT NULL,
  `band_text` varchar(30) NOT NULL,
  `create_time` int(10) unsigned NOT NULL DEFAULT '0' COMMENT '创建时间',
  `update_time` int(10) unsigned NOT NULL DEFAULT '0' COMMENT '更新时间',
  PRIMARY KEY (`id`),
  KEY `pid` (`pid`)
) ENGINE=MyISAM AUTO_INCREMENT=7 DEFAULT CHARSET=utf8;


-- -----------------------------
-- 表结构 `muucmf_muushop_order`
-- -----------------------------
CREATE TABLE IF NOT EXISTS `muucmf_muushop_order` (
  `id` int(10) unsigned NOT NULL AUTO_INCREMENT COMMENT 'id',
  `order_no` varchar(22) NOT NULL COMMENT '商家订单号 唯一',
  `client_ip` varchar(255) NOT NULL COMMENT '用户下单ip',
  `uid` bigint(20) unsigned NOT NULL DEFAULT '0' COMMENT '顾客id',
  `create_time` int(11) unsigned NOT NULL DEFAULT '0' COMMENT '下单时间',
  `update_time` int(11) unsigned NOT NULL DEFAULT '0' COMMENT '更新时间',
  `paid_time` int(10) unsigned NOT NULL DEFAULT '0' COMMENT '支付时间',
  `paid` int(1) NOT NULL DEFAULT '0' COMMENT '0未支付 1已支付',
  `send_time` int(10) unsigned NOT NULL DEFAULT '0' COMMENT '发货时间',
  `recv_time` int(10) unsigned NOT NULL DEFAULT '0' COMMENT '收货时间',
  `paid_fee` int(10) unsigned NOT NULL DEFAULT '0' COMMENT '最终支付的总价, 单位为分',
  `discount_fee` int(10) unsigned NOT NULL DEFAULT '0' COMMENT '已优惠的价格, 是会员折扣, 现金券,积分抵用 之和',
  `delivery_fee` int(10) unsigned NOT NULL DEFAULT '0' COMMENT '邮费',
  `use_point` varchar(255) NOT NULL DEFAULT '0' COMMENT '使用了积分情况{score1:100,score2:500}',
  `back_point` int(10) unsigned NOT NULL DEFAULT '0' COMMENT '返了多少积分',
  `pay_type` varchar(36) NOT NULL DEFAULT '0' COMMENT '0 未设置, ''onlinepay'':''在线支付'',''balance'':''余额'',''delivery'':''货到付款''',
  `pay_info` varchar(512) NOT NULL DEFAULT '' COMMENT '根据pay_type有不同的数据',
  `channel` varchar(64) NOT NULL COMMENT '在线支付的支付类型',
  `address` varchar(512) NOT NULL DEFAULT '' COMMENT '收货信息json {province:广东,city:深圳,town:南山区,address:工业六路,name:猴子,phone:15822222222, delivery:express}',
  `delivery_info` varchar(512) NOT NULL DEFAULT '' COMMENT '发货信息 {name:顺丰快递, order:12333333}',
  `info` text NOT NULL COMMENT '信息 {remark: 买家留言, fapiao: 发票抬头}',
  `products` text NOT NULL COMMENT '商品信息[{sku_id:"pruduct_id;尺寸:X;颜色:红色", paid_price:100, quantity:2, title:iphone,main_img:xxxxxx}]',
  `status` tinyint(3) unsigned NOT NULL DEFAULT '1' COMMENT '状态码 参考MuushopOrder类',
  PRIMARY KEY (`id`),
  KEY `user_id` (`uid`),
  KEY `order_no` (`order_no`)
) ENGINE=InnoDB AUTO_INCREMENT=370 DEFAULT CHARSET=utf8 COMMENT='订单';


-- -----------------------------
-- 表结构 `muucmf_muushop_product`
-- -----------------------------
CREATE TABLE IF NOT EXISTS `muucmf_muushop_product` (
  `id` bigint(20) unsigned NOT NULL AUTO_INCREMENT COMMENT '商品id',
  `cat_id` bigint(20) unsigned NOT NULL DEFAULT '0' COMMENT '分类id',
  `title` varchar(64) NOT NULL DEFAULT '' COMMENT '商品标题',
  `description` varchar(255) NOT NULL COMMENT '简短描述',
  `content` text NOT NULL COMMENT '商品详情',
  `main_img` int(11) NOT NULL DEFAULT '0' COMMENT '商品主图',
  `images` text NOT NULL COMMENT '商品图片,分号分开多张图片',
  `like_cnt` int(10) unsigned NOT NULL DEFAULT '0' COMMENT '点赞数',
  `fav_cnt` int(10) unsigned NOT NULL DEFAULT '0' COMMENT '收藏数',
  `comment_cnt` int(10) unsigned NOT NULL DEFAULT '0' COMMENT '评论数',
  `click_cnt` int(10) unsigned NOT NULL DEFAULT '0' COMMENT '点击数',
  `sell_cnt` int(10) unsigned NOT NULL DEFAULT '0' COMMENT '总销量',
  `score_cnt` int(10) unsigned NOT NULL DEFAULT '0' COMMENT '评分次数',
  `score_total` int(10) unsigned NOT NULL DEFAULT '0' COMMENT '总评分',
  `price` int(10) unsigned NOT NULL DEFAULT '0' COMMENT '价格,单位为分',
  `ori_price` int(10) unsigned NOT NULL DEFAULT '0' COMMENT '原价,单位为分',
  `quantity` int(10) unsigned NOT NULL DEFAULT '0' COMMENT '库存',
  `product_code` varchar(64) NOT NULL DEFAULT '' COMMENT '商家编码,可用于搜索',
  `info` varchar(32) NOT NULL DEFAULT '0' COMMENT '从低到高默认 0 不货到付款, 1不包邮 2不开发票 3不保修 4不退换货 5不是新品 6不是热销 7不是推荐',
  `position` varchar(32) NOT NULL COMMENT '展示位',
  `back_point` int(10) unsigned NOT NULL DEFAULT '0' COMMENT '购买返还积分',
  `point_price` int(10) unsigned NOT NULL DEFAULT '0' COMMENT '积分换购所需分数',
  `buy_limit` int(10) unsigned NOT NULL DEFAULT '0' COMMENT '限购数,0不限购',
  `sku_table` text NOT NULL COMMENT 'sku表json字符串,空表示没有sku, 如{table:[{尺寸:[X,M,L]}], info: }',
  `location` varchar(255) NOT NULL DEFAULT '' COMMENT '货物所在地址json {country:中国,province:广东,city:深圳,town:南山区,address:工业六路}',
  `delivery_id` int(11) NOT NULL DEFAULT '0' COMMENT '运费模板id, 不设置将免运费',
  `create_time` int(11) unsigned NOT NULL DEFAULT '0' COMMENT '创建时间',
  `update_time` int(11) unsigned NOT NULL DEFAULT '0' COMMENT '编辑时间',
  `sort` int(10) unsigned NOT NULL DEFAULT '0' COMMENT '排序,从大到小',
  `status` tinyint(3) unsigned NOT NULL DEFAULT '0' COMMENT '1 正常, 0 下架',
  PRIMARY KEY (`id`),
  KEY `cat_id` (`cat_id`)
) ENGINE=InnoDB AUTO_INCREMENT=23 DEFAULT CHARSET=utf8;


-- -----------------------------
-- 表结构 `muucmf_muushop_product_cats`
-- -----------------------------
CREATE TABLE IF NOT EXISTS `muucmf_muushop_product_cats` (
  `id` int(11) unsigned NOT NULL AUTO_INCREMENT COMMENT '分类id',
  `parent_id` int(11) unsigned NOT NULL DEFAULT '0' COMMENT '父分类id',
  `title` varchar(64) NOT NULL DEFAULT '' COMMENT '分类名称',
  `title_en` varchar(128) NOT NULL DEFAULT '' COMMENT '分类名称英文',
  `image` int(11) NOT NULL DEFAULT '0' COMMENT '图片id',
  `create_time` int(11) unsigned NOT NULL DEFAULT '0' COMMENT '创建时间',
  `sort` int(10) unsigned NOT NULL DEFAULT '0' COMMENT '排序,从大到小',
  `status` tinyint(3) unsigned NOT NULL DEFAULT '0' COMMENT '0 正常, 1 隐藏',
  PRIMARY KEY (`id`)
) ENGINE=InnoDB AUTO_INCREMENT=64 DEFAULT CHARSET=utf8;


-- -----------------------------
-- 表结构 `muucmf_muushop_product_comment`
-- -----------------------------
CREATE TABLE IF NOT EXISTS `muucmf_muushop_product_comment` (
  `id` bigint(20) unsigned NOT NULL AUTO_INCREMENT COMMENT '评论id',
  `product_id` bigint(20) unsigned NOT NULL DEFAULT '0' COMMENT '商品id',
  `order_id` bigint(20) unsigned NOT NULL DEFAULT '0' COMMENT '订单id',
  `uid` bigint(20) unsigned NOT NULL DEFAULT '0' COMMENT '用户id',
  `status` tinyint(3) unsigned NOT NULL DEFAULT '0' COMMENT '0 未审核, 1 审核成功, 20 审核失败',
  `create_time` int(11) unsigned NOT NULL DEFAULT '0' COMMENT '创建时间',
  `images` varchar(256) NOT NULL DEFAULT '' COMMENT '晒图,分号分开多张图片',
  `score` decimal(3,2) unsigned NOT NULL DEFAULT '5.00' COMMENT '用户打分, 1 ~ 5 星',
  `brief` varchar(256) NOT NULL DEFAULT '' COMMENT '回复内容',
  `sku_id` varchar(64) NOT NULL DEFAULT '' COMMENT '商品 sku_id',
  PRIMARY KEY (`id`),
  KEY `po` (`product_id`,`order_id`)
) ENGINE=InnoDB AUTO_INCREMENT=12 DEFAULT CHARSET=utf8 COMMENT='评论';


-- -----------------------------
-- 表结构 `muucmf_muushop_product_extra_info`
-- -----------------------------
CREATE TABLE IF NOT EXISTS `muucmf_muushop_product_extra_info` (
  `id` bigint(20) unsigned NOT NULL AUTO_INCREMENT COMMENT 'id',
  `product_id` bigint(20) unsigned NOT NULL DEFAULT '0' COMMENT '商品id',
  `sort` int(10) unsigned NOT NULL DEFAULT '0' COMMENT '排序,从大到小',
  `ukey` varchar(32) NOT NULL COMMENT '键',
  `data` varchar(512) NOT NULL COMMENT '值',
  PRIMARY KEY (`id`),
  KEY `product_id` (`product_id`)
) ENGINE=InnoDB DEFAULT CHARSET=utf8 COMMENT='商品更多信息表';


-- -----------------------------
-- 表结构 `muucmf_muushop_product_sell`
-- -----------------------------
CREATE TABLE IF NOT EXISTS `muucmf_muushop_product_sell` (
  `id` bigint(20) unsigned NOT NULL AUTO_INCREMENT COMMENT '交易id',
  `product_id` bigint(20) unsigned NOT NULL DEFAULT '0' COMMENT '商品id',
  `order_id` bigint(20) unsigned NOT NULL DEFAULT '0' COMMENT '订单id',
  `uid` bigint(20) unsigned NOT NULL DEFAULT '0' COMMENT '用户id',
  `create_time` int(10) unsigned NOT NULL DEFAULT '0' COMMENT '创建时间',
  `paid_price` int(10) unsigned NOT NULL DEFAULT '0' COMMENT '下单价格',
  `quantity` int(10) unsigned NOT NULL DEFAULT '1' COMMENT '下单数目',
  `detail` text NOT NULL COMMENT '商品信息{sku_id:"pruduct_id;尺寸:X;颜色:红色"}',
  PRIMARY KEY (`id`),
  KEY `po` (`product_id`,`order_id`)
) ENGINE=InnoDB AUTO_INCREMENT=36 DEFAULT CHARSET=utf8 COMMENT='交易记录';


-- -----------------------------
-- 表结构 `muucmf_muushop_service`
-- -----------------------------
CREATE TABLE IF NOT EXISTS `muucmf_muushop_service` (
  `id` int(11) unsigned NOT NULL AUTO_INCREMENT,
  `type` varchar(32) NOT NULL COMMENT '服务类型',
  `order_id` int(11) unsigned NOT NULL COMMENT '订单ID',
  `product_id` int(11) unsigned NOT NULL COMMENT '产品ID',
  `quantity` tinyint(4) unsigned NOT NULL COMMENT '售后服务商品数量',
  `description` varchar(255) NOT NULL COMMENT '申请理由',
  `images` varchar(32) NOT NULL COMMENT '申请售后图片',
  `info` varchar(255) NOT NULL COMMENT 'json 格式信息 如拒绝理由，买家退货物流、卖家发货物流等',
  `status` tinyint(4) NOT NULL COMMENT '状态',
  `create_time` int(11) unsigned NOT NULL COMMENT '创建时间',
  `update_time` int(11) unsigned NOT NULL COMMENT '更新时间',
  PRIMARY KEY (`id`),
  KEY `order_id` (`order_id`),
  KEY `product_id` (`product_id`)
) ENGINE=InnoDB AUTO_INCREMENT=17 DEFAULT CHARSET=utf8;


-- -----------------------------
-- 表结构 `muucmf_muushop_user_address`
-- -----------------------------
CREATE TABLE IF NOT EXISTS `muucmf_muushop_user_address` (
  `id` int(10) unsigned NOT NULL AUTO_INCREMENT COMMENT 'id',
  `uid` bigint(20) unsigned NOT NULL DEFAULT '0' COMMENT '顾客id',
  `update_time` int(11) unsigned NOT NULL DEFAULT '0' COMMENT '最后使用时间',
  `name` varchar(64) NOT NULL COMMENT '收货人姓名',
  `phone` varchar(16) NOT NULL DEFAULT '' COMMENT '电话',
  `province` int(10) NOT NULL COMMENT '省',
  `city` int(10) NOT NULL COMMENT '市',
  `district` int(10) NOT NULL COMMENT '地区',
  `address` varchar(64) NOT NULL DEFAULT '' COMMENT '详细地址',
  `create_time` int(11) NOT NULL COMMENT '创建时间',
  PRIMARY KEY (`id`),
  KEY `user_id` (`uid`)
) ENGINE=InnoDB AUTO_INCREMENT=72 DEFAULT CHARSET=utf8 COMMENT='收货地址';


-- -----------------------------
-- 表结构 `muucmf_muushop_user_coupon`
-- -----------------------------
CREATE TABLE IF NOT EXISTS `muucmf_muushop_user_coupon` (
  `id` int(11) unsigned NOT NULL AUTO_INCREMENT COMMENT '用户优惠券id',
  `uid` bigint(20) unsigned NOT NULL DEFAULT '0' COMMENT '用户id',
  `create_time` int(11) unsigned NOT NULL DEFAULT '0' COMMENT '创建时间',
  `expire_time` int(11) unsigned NOT NULL DEFAULT '0' COMMENT '到期时间,0表示永不过期',
  `order_id` bigint(20) unsigned NOT NULL DEFAULT '0' COMMENT '使用的订单id, 0表示未使用',
  `read_time` int(11) unsigned NOT NULL DEFAULT '0' COMMENT '领取时间 或 阅读时间',
  `coupon_id` bigint(20) unsigned NOT NULL DEFAULT '0' COMMENT '优惠券id',
  `info` text NOT NULL COMMENT '计费json {title: 10元, img: xxx, valuation: 0, rule{discount: 1000}}',
  `min_price` int(11) NOT NULL COMMENT '最少使用金额，单位分',
  `discount` int(11) NOT NULL COMMENT '优惠卷金额，单位：分',
  PRIMARY KEY (`id`),
  KEY `user_id` (`uid`)
) ENGINE=InnoDB AUTO_INCREMENT=55 DEFAULT CHARSET=utf8 COMMENT='优惠券';

-- -----------------------------
-- 表内记录 `muucmf_muushop_cart`
-- -----------------------------
INSERT INTO `muucmf_muushop_cart` VALUES ('213', '108', '1543567892', '1543567892', '14', '2');
INSERT INTO `muucmf_muushop_cart` VALUES ('214', '108', '1543568310', '1543568567', '16;尺码:M;演示:深灰', '2');
INSERT INTO `muucmf_muushop_cart` VALUES ('215', '1', '1543568446', '1543568448', '20;尺码:S', '2');
INSERT INTO `muucmf_muushop_cart` VALUES ('216', '1', '1543569134', '1543569134', '21;颜色:粉嫩;尺码:S', '1');
-- -----------------------------
-- 表内记录 `muucmf_muushop_coupon`
-- -----------------------------
INSERT INTO `muucmf_muushop_coupon` VALUES ('3', '1540887138', '1541755047', '1546185600', '10', '8', '1元无限制优惠卷', '0', '水电费是否都是', '0', '{\"discount\":100}');
INSERT INTO `muucmf_muushop_coupon` VALUES ('4', '1540888354', '1541755007', '1541757600', '100', '2', '信息', '0', '水电费胜多负少的', '0', '{\"max_cnt\":\"10\",\"max_cnt_day\":\"1\",\"min_price\":15000,\"discount\":500}');
INSERT INTO `muucmf_muushop_coupon` VALUES ('5', '1540889187', '1540945851', '2592000', '100', '13', 'sdsdsdf', '0', '水电费胜多负少的', '0', '{\"discount\":2000}');
INSERT INTO `muucmf_muushop_coupon` VALUES ('6', '1540889520', '1541754974', '1542902400', '100', '5', '满减10元', '0', '优惠券说明', '0', '{\"max_cnt\":\"10\",\"max_cnt_day\":\"1\",\"min_price\":10000,\"discount\":1000}');
INSERT INTO `muucmf_muushop_coupon` VALUES ('7', '1540950966', '1541754951', '1543507200', '100', '11', '满减5元', '0', '', '0', '{\"max_cnt\":\"5\",\"min_price\":10000,\"discount\":500}');
INSERT INTO `muucmf_muushop_coupon` VALUES ('8', '1541756316', '1541758652', '1546185600', '5', '5', '新优惠5元', '0', '', '0', '{\"max_cnt\":\"5\",\"max_cnt_day\":\"5\",\"min_price\":10000,\"discount\":500}');
INSERT INTO `muucmf_muushop_coupon` VALUES ('9', '1543199046', '1543199107', '1556553600', '10', '1', '测试9.9', '0', '', '0', '{\"max_cnt\":\"1\",\"max_cnt_day\":\"1\",\"min_price\":19900,\"discount\":990}');
-- -----------------------------
-- 表内记录 `muucmf_muushop_delivery`
-- -----------------------------
INSERT INTO `muucmf_muushop_delivery` VALUES ('3', '1483588779', '1540435497', '指定地区运费', '按照地区不同设置不同价位的运费', '1', '{\"express\":{\"name\":\"\\u666e\\u901a\\u5feb\\u9012\",\"normal\":{\"start\":\"1\",\"start_fee\":1000,\"add\":\"1\",\"add_fee\":300},\"custom\":[{\"area\":[{\"id\":\"110000\",\"name\":\"\\u5317\\u4eac\\u5e02\"},{\"id\":\"120000\",\"name\":\"\\u5929\\u6d25\\u5e02\"},{\"id\":\"130000\",\"name\":\"\\u6cb3\\u5317\\u7701\"},{\"id\":\"140000\",\"name\":\"\\u5c71\\u897f\\u7701\"}],\"cost\":{\"start\":\"1\",\"start_fee\":600,\"add\":\"1\",\"add_fee\":300}},{\"area\":[{\"id\":\"150000\",\"name\":\"\\u5185\\u8499\\u53e4\"},{\"id\":\"210000\",\"name\":\"\\u8fbd\\u5b81\\u7701\"},{\"id\":\"220000\",\"name\":\"\\u5409\\u6797\\u7701\"},{\"id\":\"230000\",\"name\":\"\\u9ed1\\u9f99\\u6c5f\"}],\"cost\":{\"start\":\"1\",\"start_fee\":1000,\"add\":\"1\",\"add_fee\":200}},{\"area\":[{\"id\":\"540000\",\"name\":\"\\u897f\\u3000\\u85cf\"},{\"id\":\"650000\",\"name\":\"\\u65b0\\u3000\\u7586\"},{\"id\":\"710000\",\"name\":\"\\u53f0\\u6e7e\\u7701\"},{\"id\":\"810000\",\"name\":\"\\u9999\\u3000\\u6e2f\"},{\"id\":\"820000\",\"name\":\"\\u6fb3\\u3000\\u95e8\"}],\"cost\":{\"start\":\"1\",\"start_fee\":2000,\"add\":\"1\",\"add_fee\":600}},{\"area\":[{\"id\":\"310000\",\"name\":\"\\u4e0a\\u6d77\\u5e02\"},{\"id\":\"320000\",\"name\":\"\\u6c5f\\u82cf\\u7701\"},{\"id\":\"330000\",\"name\":\"\\u6d59\\u6c5f\\u7701\"}],\"cost\":{\"start\":\"1\",\"start_fee\":800,\"add\":\"1\",\"add_fee\":300}}]}}');
INSERT INTO `muucmf_muushop_delivery` VALUES ('5', '1540192579', '1540515029', '固定运费', '固定运费', '0', '{\"express\":{\"name\":\"\\u666e\\u901a\\u5feb\\u9012\",\"cost\":1000}}');
INSERT INTO `muucmf_muushop_delivery` VALUES ('6', '1540515046', '1540515046', '免邮', '免邮', '0', '{\"express\":{\"name\":\"\\u666e\\u901a\\u5feb\\u9012\",\"cost\":0}}');
-- -----------------------------
-- 表内记录 `muucmf_muushop_nav`
-- -----------------------------
INSERT INTO `muucmf_muushop_nav` VALUES ('1', '0', '全部分类', '/muushop/index/cats', '0', '1', '0', '#000000', '#000000', '', '0', '0');
INSERT INTO `muucmf_muushop_nav` VALUES ('2', '0', '成衣', '40', '1', '1', '0', '#000000', '#000000', '', '0', '0');
INSERT INTO `muucmf_muushop_nav` VALUES ('3', '0', '小皮具', '41', '2', '1', '0', '#000000', '#000000', '', '0', '0');
INSERT INTO `muucmf_muushop_nav` VALUES ('4', '0', '手袋', '52', '3', '1', '0', '#000000', '#000000', '', '0', '0');
INSERT INTO `muucmf_muushop_nav` VALUES ('5', '0', '鞋履系列', '57', '4', '1', '0', '#000000', '#000000', '', '0', '0');
INSERT INTO `muucmf_muushop_nav` VALUES ('6', '0', '领劵中心', '/muushop/coupon', '5', '1', '0', '#000000', '#000000', '', '0', '0');
-- -----------------------------
-- 表内记录 `muucmf_muushop_order`
-- -----------------------------
INSERT INTO `muucmf_muushop_order` VALUES ('217', '20181029202840223158', '106.118.113.156', '1', '1540816120', '1541230957', '0', '0', '0', '0', '19400', '100', '600', '100', '0', '', '', '', '{\"id\":60,\"uid\":1,\"update_time\":1540625170,\"name\":\"\\u6d4b\\u8bd5\\u5730\\u5740\",\"phone\":\"13456568989\",\"province\":110000,\"city\":110100,\"district\":110102,\"address\":\"sdfsdfsdfsdfsdsdffs\",\"create_time\":1540625170}', '', '{\"remark\":\"\"}', '[{\"sku_id\":\"22;\\u989c\\u8272:\\u9ed1\\u8272;\\u5c3a\\u7801:XL\",\"quantity\":1,\"paid_price\":18900,\"title\":\"\\u7f8e\\u7279\\u65af\\u90a6\\u5a01\\u8fde\\u8863\\u88d9\\u5973\\u58eb\\u79cb\\u51ac\\u88c5\\u4e2d\\u957f\\u6b3e\\u4fee\\u8eab\\u5305\\u81c0\\u9488\\u7ec7\\u88d9\\u5b50\\u523a\\u7ee3\\u97e9\\u7248\\u6f6e\",\"main_img\":92}]', '10');
INSERT INTO `muucmf_muushop_order` VALUES ('218', '20181029203117258071', '106.118.113.156', '1', '1540816277', '1540816277', '0', '0', '0', '0', '19400', '100', '600', '100', '0', '', '', '', '{\"id\":60,\"uid\":1,\"update_time\":1540625170,\"name\":\"\\u6d4b\\u8bd5\\u5730\\u5740\",\"phone\":\"13456568989\",\"province\":110000,\"city\":110100,\"district\":110102,\"address\":\"sdfsdfsdfsdfsdsdffs\",\"create_time\":1540625170}', '', '{\"remark\":\"\"}', '[{\"sku_id\":\"22;\\u989c\\u8272:\\u9ed1\\u8272;\\u5c3a\\u7801:XL\",\"quantity\":1,\"paid_price\":18900,\"title\":\"\\u7f8e\\u7279\\u65af\\u90a6\\u5a01\\u8fde\\u8863\\u88d9\\u5973\\u58eb\\u79cb\\u51ac\\u88c5\\u4e2d\\u957f\\u6b3e\\u4fee\\u8eab\\u5305\\u81c0\\u9488\\u7ec7\\u88d9\\u5b50\\u523a\\u7ee3\\u97e9\\u7248\\u6f6e\",\"main_img\":92}]', '4');
INSERT INTO `muucmf_muushop_order` VALUES ('219', '20181029203210204453', '106.118.113.156', '1', '1540816330', '1540816330', '0', '0', '0', '0', '19400', '100', '600', '100', '5', '', '', '', '{\"id\":60,\"uid\":1,\"update_time\":1540625170,\"name\":\"\\u6d4b\\u8bd5\\u5730\\u5740\",\"phone\":\"13456568989\",\"province\":110000,\"city\":110100,\"district\":110102,\"address\":\"sdfsdfsdfsdfsdsdffs\",\"create_time\":1540625170}', '', '{\"remark\":\"\"}', '[{\"sku_id\":\"22;\\u989c\\u8272:\\u9ed1\\u8272;\\u5c3a\\u7801:XL\",\"quantity\":1,\"paid_price\":18900,\"title\":\"\\u7f8e\\u7279\\u65af\\u90a6\\u5a01\\u8fde\\u8863\\u88d9\\u5973\\u58eb\\u79cb\\u51ac\\u88c5\\u4e2d\\u957f\\u6b3e\\u4fee\\u8eab\\u5305\\u81c0\\u9488\\u7ec7\\u88d9\\u5b50\\u523a\\u7ee3\\u97e9\\u7248\\u6f6e\",\"main_img\":92}]', '2');
INSERT INTO `muucmf_muushop_order` VALUES ('220', '20181029203320713244', '106.118.113.156', '1', '1540816400', '1540816400', '0', '0', '0', '0', '19400', '100', '600', '100', '5', '', '', '', '{\"id\":60,\"uid\":1,\"update_time\":1540625170,\"name\":\"\\u6d4b\\u8bd5\\u5730\\u5740\",\"phone\":\"13456568989\",\"province\":110000,\"city\":110100,\"district\":110102,\"address\":\"sdfsdfsdfsdfsdsdffs\",\"create_time\":1540625170}', '', '{\"remark\":\"\"}', '[{\"sku_id\":\"22;\\u989c\\u8272:\\u9ed1\\u8272;\\u5c3a\\u7801:XL\",\"quantity\":1,\"paid_price\":18900,\"title\":\"\\u7f8e\\u7279\\u65af\\u90a6\\u5a01\\u8fde\\u8863\\u88d9\\u5973\\u58eb\\u79cb\\u51ac\\u88c5\\u4e2d\\u957f\\u6b3e\\u4fee\\u8eab\\u5305\\u81c0\\u9488\\u7ec7\\u88d9\\u5b50\\u523a\\u7ee3\\u97e9\\u7248\\u6f6e\",\"main_img\":92}]', '2');
INSERT INTO `muucmf_muushop_order` VALUES ('221', '20181030113232895528', '106.8.36.197', '1', '1540870352', '1541395756', '0', '0', '1541376533', '1541395756', '124986', '0', '1200', '0', '20', '', '', '', '{\"id\":60,\"uid\":1,\"update_time\":1540868551,\"name\":\"\\u6d4b\\u8bd5\\u5730\\u5740\",\"phone\":\"13456568989\",\"province\":110000,\"city\":110100,\"district\":110102,\"address\":\"xxxxxxxxxx\",\"create_time\":1540625170}', '{\"ShipperName\":\"\\u987a\\u98ce\\u5feb\\u9012\",\"ShipperCode\":\"SF\",\"LogisticCode\":\"123456\"}', '{\"remark\":\"\"}', '[{\"sku_id\":\"19\",\"quantity\":2,\"paid_price\":51900,\"title\":\"\\u88c2\\u5e1b\\u5973\\u88c52018\\u79cb\\u65b0\\u6b3e\\u9ad8\\u9886\\u63d0\\u82b1\\u957f\\u8896\\u88d9\\u5b50\\u8fde\\u8863\\u88d9\\u5973\",\"main_img\":63},{\"sku_id\":\"21;\\u989c\\u8272:\\u7c89\\u5ae9;\\u5c3a\\u7801:L\",\"quantity\":1,\"paid_price\":19986,\"title\":\"\\u5996\\u7cbe\\u7684\\u53e3\\u888b\\u5c11\\u5e74\\u4e0d\\u77e5\\u6101\\u79cb\\u88c5\\u65b0\\u6b3e\\u590d\\u53e4\\u5bbd\\u677e\\u6536\\u8170\\u9886\\u5e26\\u8fde\\u8863\\u88d9\\u5973\",\"main_img\":84}]', '4');
INSERT INTO `muucmf_muushop_order` VALUES ('222', '20181031153126719779', '106.8.36.197', '1', '1540971086', '1542694108', '0', '0', '1541228331', '1542687713', '13500', '0', '600', '0', '10', '', '', '', '{\"id\":67,\"uid\":1,\"update_time\":1540970932,\"name\":\"\\u65b0\\u6d4b\\u8bd5\",\"phone\":\"15232145689\",\"province\":120000,\"city\":120100,\"district\":120114,\"address\":\"\\u65f6\\u53d1\\u751f\\u5730\\u65b9\\u6c34\\u7535\\u8d39\\u6c34\\u7535\\u8d39\\u662f\",\"create_time\":1540970932}', '{\"ShipperName\":\"\\u987a\\u98ce\\u5feb\\u9012\",\"ShipperCode\":\"SF\",\"LogisticCode\":\"123456\"}', '{\"remark\":\"\"}', '[{\"sku_id\":\"16;\\u5c3a\\u7801:M;\\u6f14\\u793a:\\u6d45\\u7070\",\"quantity\":1,\"paid_price\":12900,\"title\":\"\\u68ee\\u9a6cT\\u6064\\u59732018\\u6625\\u5b63\\u65b0\\u6b3e\\u663e\\u7626\\u4e03\\u5206\\u8896\\u6f6e\\u6d41\\u5b57\\u6bcd\\u523a\\u7ee3\\u5706\\u9886\\u5957\\u5934\\u6f6e\\u6d41\",\"main_img\":41}]', '12');
INSERT INTO `muucmf_muushop_order` VALUES ('223', '20181102175831795876', '123.181.207.88', '1', '1541152711', '1541152711', '0', '0', '0', '0', '78886', '0', '1500', '0', '20', '0', '', '', '{\"id\":67,\"uid\":1,\"update_time\":1540970932,\"name\":\"\\u65b0\\u6d4b\\u8bd5\",\"phone\":\"15232145689\",\"province\":120000,\"city\":120100,\"district\":120114,\"address\":\"\\u65f6\\u53d1\\u751f\\u5730\\u65b9\\u6c34\\u7535\\u8d39\\u6c34\\u7535\\u8d39\\u662f\",\"create_time\":1540970932}', '', '{\"remark\":\"\"}', '[{\"sku_id\":\"21;\\u989c\\u8272:\\u7c89\\u5ae9;\\u5c3a\\u7801:L\",\"quantity\":1,\"paid_price\":19986,\"title\":\"\\u5996\\u7cbe\\u7684\\u53e3\\u888b\\u5c11\\u5e74\\u4e0d\\u77e5\\u6101\\u79cb\\u88c5\\u65b0\\u6b3e\\u590d\\u53e4\\u5bbd\\u677e\\u6536\\u8170\\u9886\\u5e26\\u8fde\\u8863\\u88d9\\u5973\",\"main_img\":84},{\"sku_id\":\"16;\\u5c3a\\u7801:S;\\u6f14\\u793a:\\u6df1\\u7070\",\"quantity\":1,\"paid_price\":12900,\"title\":\"\\u68ee\\u9a6cT\\u6064\\u59732018\\u6625\\u5b63\\u65b0\\u6b3e\\u663e\\u7626\\u4e03\\u5206\\u8896\\u6f6e\\u6d41\\u5b57\\u6bcd\\u523a\\u7ee3\\u5706\\u9886\\u5957\\u5934\\u6f6e\\u6d41\",\"main_img\":41},{\"sku_id\":\"16;\\u5c3a\\u7801:M;\\u6f14\\u793a:\\u6d45\\u7070\",\"quantity\":1,\"paid_price\":12900,\"title\":\"\\u68ee\\u9a6cT\\u6064\\u59732018\\u6625\\u5b63\\u65b0\\u6b3e\\u663e\\u7626\\u4e03\\u5206\\u8896\\u6f6e\\u6d41\\u5b57\\u6bcd\\u523a\\u7ee3\\u5706\\u9886\\u5957\\u5934\\u6f6e\\u6d41\",\"main_img\":41},{\"sku_id\":\"20;\\u5c3a\\u7801:M\",\"quantity\":1,\"paid_price\":31600,\"title\":\"\\u5996\\u7cbe\\u7684\\u53e3\\u888b\\u4e1b\\u6797&\\u8349\\u539f\\u51ac\\u88c5\\u65b0\\u6b3e\\u590d\\u53e4\\u62fc\\u63a5\\u9e82\\u76ae\\u7ed2\\u77ed\\u6b3e\\u6bdb\\u5462\\u5916\\u5957\\u5973\",\"main_img\":76}]', '2');
INSERT INTO `muucmf_muushop_order` VALUES ('233', '20181102181821363112', '123.181.207.88', '1', '1541153901', '1541153901', '0', '0', '0', '0', '20586', '0', '600', '0', '0', '0', '', '', '{\"id\":67,\"uid\":1,\"update_time\":1540970932,\"name\":\"\\u65b0\\u6d4b\\u8bd5\",\"phone\":\"15232145689\",\"province\":120000,\"city\":120100,\"district\":120114,\"address\":\"\\u65f6\\u53d1\\u751f\\u5730\\u65b9\\u6c34\\u7535\\u8d39\\u6c34\\u7535\\u8d39\\u662f\",\"create_time\":1540970932}', '', '{\"remark\":\"\"}', '[{\"sku_id\":\"21;\\u989c\\u8272:\\u7c89\\u5ae9;\\u5c3a\\u7801:L\",\"quantity\":1,\"paid_price\":19986,\"title\":\"\\u5996\\u7cbe\\u7684\\u53e3\\u888b\\u5c11\\u5e74\\u4e0d\\u77e5\\u6101\\u79cb\\u88c5\\u65b0\\u6b3e\\u590d\\u53e4\\u5bbd\\u677e\\u6536\\u8170\\u9886\\u5e26\\u8fde\\u8863\\u88d9\\u5973\",\"main_img\":84}]', '6');
INSERT INTO `muucmf_muushop_order` VALUES ('250', '20181102191002217283', '123.181.208.217', '1', '1541157002', '1541157002', '0', '0', '0', '0', '20576', '10', '600', '10', '0', '0', '', '', '{\"id\":67,\"uid\":1,\"update_time\":1540970932,\"name\":\"\\u65b0\\u6d4b\\u8bd5\",\"phone\":\"15232145689\",\"province\":120000,\"city\":120100,\"district\":120114,\"address\":\"\\u65f6\\u53d1\\u751f\\u5730\\u65b9\\u6c34\\u7535\\u8d39\\u6c34\\u7535\\u8d39\\u662f\",\"create_time\":1540970932}', '', '{\"remark\":\"\"}', '[{\"sku_id\":\"21;\\u989c\\u8272:\\u7c89\\u5ae9;\\u5c3a\\u7801:L\",\"quantity\":1,\"paid_price\":19986,\"title\":\"\\u5996\\u7cbe\\u7684\\u53e3\\u888b\\u5c11\\u5e74\\u4e0d\\u77e5\\u6101\\u79cb\\u88c5\\u65b0\\u6b3e\\u590d\\u53e4\\u5bbd\\u677e\\u6536\\u8170\\u9886\\u5e26\\u8fde\\u8863\\u88d9\\u5973\",\"main_img\":84}]', '2');
INSERT INTO `muucmf_muushop_order` VALUES ('252', '20181102191211558641', '123.181.208.217', '1', '1541157131', '1541157131', '0', '0', '0', '0', '32200', '0', '600', '0', '0', '0', '', '', '{\"id\":67,\"uid\":1,\"update_time\":1540970932,\"name\":\"\\u65b0\\u6d4b\\u8bd5\",\"phone\":\"15232145689\",\"province\":120000,\"city\":120100,\"district\":120114,\"address\":\"\\u65f6\\u53d1\\u751f\\u5730\\u65b9\\u6c34\\u7535\\u8d39\\u6c34\\u7535\\u8d39\\u662f\",\"create_time\":1540970932}', '', '{\"remark\":\"\"}', '[{\"sku_id\":\"20;\\u5c3a\\u7801:M\",\"quantity\":1,\"paid_price\":31600,\"title\":\"\\u5996\\u7cbe\\u7684\\u53e3\\u888b\\u4e1b\\u6797&\\u8349\\u539f\\u51ac\\u88c5\\u65b0\\u6b3e\\u590d\\u53e4\\u62fc\\u63a5\\u9e82\\u76ae\\u7ed2\\u77ed\\u6b3e\\u6bdb\\u5462\\u5916\\u5957\\u5973\",\"main_img\":76}]', '5');
INSERT INTO `muucmf_muushop_order` VALUES ('253', '20181102191513686380', '123.181.208.217', '1', '1541157313', '1541157313', '0', '0', '0', '0', '20586', '0', '600', '0', '0', '0', '', '', '{\"id\":67,\"uid\":1,\"update_time\":1540970932,\"name\":\"\\u65b0\\u6d4b\\u8bd5\",\"phone\":\"15232145689\",\"province\":120000,\"city\":120100,\"district\":120114,\"address\":\"\\u65f6\\u53d1\\u751f\\u5730\\u65b9\\u6c34\\u7535\\u8d39\\u6c34\\u7535\\u8d39\\u662f\",\"create_time\":1540970932}', '', '{\"remark\":\"\"}', '[{\"sku_id\":\"21;\\u989c\\u8272:\\u85cf\\u84dd;\\u5c3a\\u7801:S\",\"quantity\":1,\"paid_price\":19986,\"title\":\"\\u5996\\u7cbe\\u7684\\u53e3\\u888b\\u5c11\\u5e74\\u4e0d\\u77e5\\u6101\\u79cb\\u88c5\\u65b0\\u6b3e\\u590d\\u53e4\\u5bbd\\u677e\\u6536\\u8170\\u9886\\u5e26\\u8fde\\u8863\\u88d9\\u5973\",\"main_img\":84}]', '2');
INSERT INTO `muucmf_muushop_order` VALUES ('254', '20181103100409268273', '123.181.208.217', '1', '1541210649', '1541210649', '0', '0', '0', '0', '13500', '0', '600', '0', '10', '0', '', '', '{\"id\":67,\"uid\":1,\"update_time\":1540970932,\"name\":\"\\u65b0\\u6d4b\\u8bd5\",\"phone\":\"15232145689\",\"province\":120000,\"city\":120100,\"district\":120114,\"address\":\"\\u65f6\\u53d1\\u751f\\u5730\\u65b9\\u6c34\\u7535\\u8d39\\u6c34\\u7535\\u8d39\\u662f\",\"create_time\":1540970932}', '', '{\"remark\":\"\"}', '[{\"sku_id\":\"16;\\u5c3a\\u7801:S;\\u6f14\\u793a:\\u6df1\\u7070\",\"quantity\":1,\"paid_price\":12900,\"title\":\"\\u68ee\\u9a6cT\\u6064\\u59732018\\u6625\\u5b63\\u65b0\\u6b3e\\u663e\\u7626\\u4e03\\u5206\\u8896\\u6f6e\\u6d41\\u5b57\\u6bcd\\u523a\\u7ee3\\u5706\\u9886\\u5957\\u5934\\u6f6e\\u6d41\",\"main_img\":41}]', '2');
INSERT INTO `muucmf_muushop_order` VALUES ('255', '20181103100821947179', '123.181.208.217', '1', '1541210901', '1541672494', '0', '0', '1541213928', '1541672494', '13500', '0', '600', '0', '10', 'delivery', '', '', '{\"id\":67,\"uid\":1,\"update_time\":1540970932,\"name\":\"\\u65b0\\u6d4b\\u8bd5\",\"phone\":\"15232145689\",\"province\":120000,\"city\":120100,\"district\":120114,\"address\":\"\\u65f6\\u53d1\\u751f\\u5730\\u65b9\\u6c34\\u7535\\u8d39\\u6c34\\u7535\\u8d39\\u662f\",\"create_time\":1540970932}', '{\"ShipperName\":\"\\u4e2d\\u901a\\u5feb\\u9012\",\"ShipperCode\":\"ZTO\",\"LogisticCode\":\"123456\"}', '{\"remark\":\"\"}', '[{\"sku_id\":\"16;\\u5c3a\\u7801:M;\\u6f14\\u793a:\\u6d45\\u7070\",\"quantity\":1,\"paid_price\":12900,\"title\":\"\\u68ee\\u9a6cT\\u6064\\u59732018\\u6625\\u5b63\\u65b0\\u6b3e\\u663e\\u7626\\u4e03\\u5206\\u8896\\u6f6e\\u6d41\\u5b57\\u6bcd\\u523a\\u7ee3\\u5706\\u9886\\u5957\\u5934\\u6f6e\\u6d41\",\"main_img\":41}]', '4');
INSERT INTO `muucmf_muushop_order` VALUES ('256', '20181103105410608916', '123.181.208.217', '1', '1541213650', '1541213650', '0', '0', '0', '0', '74690', '10', '900', '10', '20', 'delivery', '', '', '{\"id\":67,\"uid\":1,\"update_time\":1540970932,\"name\":\"\\u65b0\\u6d4b\\u8bd5\",\"phone\":\"15232145689\",\"province\":120000,\"city\":120100,\"district\":120114,\"address\":\"\\u65f6\\u53d1\\u751f\\u5730\\u65b9\\u6c34\\u7535\\u8d39\\u6c34\\u7535\\u8d39\\u662f\",\"create_time\":1540970932}', '', '{\"remark\":\"\"}', '[{\"sku_id\":\"18\",\"quantity\":2,\"paid_price\":36900,\"title\":\"2018\\u79cb\\u88c5\\u65b0\\u6b3e\\u5706\\u9886\\u843d\\u80a9\\u957f\\u8896\\u886b\\u663e\\u7626\\u524d\\u77ed\\u540e\\u957f\\u5bbd\\u677e\\u6bdb\\u8863\\u5973\",\"main_img\":56}]', '2');
INSERT INTO `muucmf_muushop_order` VALUES ('257', '20181103105536141944', '123.181.208.217', '1', '1541213736', '1541213736', '0', '0', '0', '0', '13490', '10', '600', '10', '5', 'delivery', '', '', '{\"id\":67,\"uid\":1,\"update_time\":1540970932,\"name\":\"\\u65b0\\u6d4b\\u8bd5\",\"phone\":\"15232145689\",\"province\":120000,\"city\":120100,\"district\":120114,\"address\":\"\\u65f6\\u53d1\\u751f\\u5730\\u65b9\\u6c34\\u7535\\u8d39\\u6c34\\u7535\\u8d39\\u662f\",\"create_time\":1540970932}', '', '{\"remark\":\"\"}', '[{\"sku_id\":\"15\",\"quantity\":1,\"paid_price\":12900,\"title\":\"\\u7199\\u4e16\\u754c2018\\u79cb\\u5b63\\u65b0\\u6b3eV\\u9886\\u4e0a\\u8863\\u5973\\u4e03\\u5206\\u8896T\\u6064ins\\u8d85\\u706b\\u4e0a\\u8863\\u5973\",\"main_img\":22}]', '2');
INSERT INTO `muucmf_muushop_order` VALUES ('258', '20181103152909388901', '106.8.36.197', '1', '1541230149', '1541387371', '0', '0', '1541230224', '1541387371', '40872', '0', '900', '0', '0', 'delivery', '', '', '{\"id\":67,\"uid\":1,\"update_time\":1540970932,\"name\":\"\\u65b0\\u6d4b\\u8bd5\",\"phone\":\"15232145689\",\"province\":120000,\"city\":120100,\"district\":120114,\"address\":\"\\u65f6\\u53d1\\u751f\\u5730\\u65b9\\u6c34\\u7535\\u8d39\\u6c34\\u7535\\u8d39\\u662f\",\"create_time\":1540970932}', '{\"ShipperName\":\"\\u7533\\u901a\\u5feb\\u9012\",\"ShipperCode\":\"STO\",\"LogisticCode\":\"1234567\"}', '{\"remark\":\"\"}', '[{\"sku_id\":\"21;\\u989c\\u8272:\\u7c89\\u5ae9;\\u5c3a\\u7801:L\",\"quantity\":1,\"paid_price\":19986,\"title\":\"\\u5996\\u7cbe\\u7684\\u53e3\\u888b\\u5c11\\u5e74\\u4e0d\\u77e5\\u6101\\u79cb\\u88c5\\u65b0\\u6b3e\\u590d\\u53e4\\u5bbd\\u677e\\u6536\\u8170\\u9886\\u5e26\\u8fde\\u8863\\u88d9\\u5973\",\"main_img\":84},{\"sku_id\":\"21;\\u989c\\u8272:\\u7c89\\u5ae9;\\u5c3a\\u7801:M\",\"quantity\":1,\"paid_price\":19986,\"title\":\"\\u5996\\u7cbe\\u7684\\u53e3\\u888b\\u5c11\\u5e74\\u4e0d\\u77e5\\u6101\\u79cb\\u88c5\\u65b0\\u6b3e\\u590d\\u53e4\\u5bbd\\u677e\\u6536\\u8170\\u9886\\u5e26\\u8fde\\u8863\\u88d9\\u5973\",\"main_img\":84}]', '4');
INSERT INTO `muucmf_muushop_order` VALUES ('259', '20181103164211540189', '106.8.36.197', '1', '1541234531', '1541234531', '0', '0', '0', '0', '42500', '0', '600', '0', '10', 'delivery', '', '', '{\"id\":65,\"uid\":1,\"update_time\":1540970319,\"name\":\"\\u5927\\u8499\",\"phone\":\"18618380435\",\"province\":110000,\"city\":110100,\"district\":110101,\"address\":\"\\u9752\\u5e74\\u6c9f\\u8def\\u5b89\\u6e90\\u5927\\u53a6411\\u5ba4xxx\",\"create_time\":1540882249}', '', '{\"remark\":\"\"}', '[{\"sku_id\":\"17\",\"quantity\":1,\"paid_price\":41900,\"title\":\"\\u88c2\\u5e1b\\u5973\\u88c52018\\u79cb\\u65b0\\u6b3e\\u9ad8\\u9886\\u523a\\u7ee3\\u957f\\u8896\\u5bbd\\u677e\\u6b3e\\u6bdb\\u8863\\u5973\",\"main_img\":48}]', '2');
INSERT INTO `muucmf_muushop_order` VALUES ('260', '20181103172234107167', '106.8.36.197', '1', '1541236954', '1541236954', '0', '0', '0', '0', '37500', '0', '600', '0', '10', 'delivery', '', '', '{\"id\":67,\"uid\":1,\"update_time\":1540970932,\"name\":\"\\u65b0\\u6d4b\\u8bd5\",\"phone\":\"15232145689\",\"province\":120000,\"city\":120100,\"district\":120114,\"address\":\"\\u65f6\\u53d1\\u751f\\u5730\\u65b9\\u6c34\\u7535\\u8d39\\u6c34\\u7535\\u8d39\\u662f\",\"create_time\":1540970932}', '', '{\"remark\":\"\"}', '[{\"sku_id\":\"18\",\"quantity\":1,\"paid_price\":36900,\"title\":\"2018\\u79cb\\u88c5\\u65b0\\u6b3e\\u5706\\u9886\\u843d\\u80a9\\u957f\\u8896\\u886b\\u663e\\u7626\\u524d\\u77ed\\u540e\\u957f\\u5bbd\\u677e\\u6bdb\\u8863\\u5973\",\"main_img\":56}]', '2');
INSERT INTO `muucmf_muushop_order` VALUES ('261', '20181103174410784991', '106.8.36.197', '1', '1541238250', '1542690363', '0', '0', '1541491356', '1541492258', '13500', '0', '600', '0', '10', 'delivery', '', '', '{\"id\":65,\"uid\":1,\"update_time\":1541237959,\"name\":\"\\u5927\\u8499\",\"phone\":\"18618380435\",\"province\":110000,\"city\":110100,\"district\":110101,\"address\":\"\\u9752\\u5e74\\u6c9f\\u8def\\u5b89\\u6e90\\u5927\\u53a6411\\u5ba4xxx\",\"create_time\":1540882249}', '{\"ShipperName\":\"\\u987a\\u98ce\\u5feb\\u9012\",\"ShipperCode\":\"SF\",\"LogisticCode\":\"123456\"}', '{\"remark\":\"\"}', '[{\"sku_id\":\"16;\\u5c3a\\u7801:L;\\u6f14\\u793a:\\u6d45\\u7070\",\"quantity\":1,\"paid_price\":12900,\"title\":\"\\u68ee\\u9a6cT\\u6064\\u59732018\\u6625\\u5b63\\u65b0\\u6b3e\\u663e\\u7626\\u4e03\\u5206\\u8896\\u6f6e\\u6d41\\u5b57\\u6bcd\\u523a\\u7ee3\\u5706\\u9886\\u5957\\u5934\\u6f6e\\u6d41\",\"main_img\":41}]', '12');
INSERT INTO `muucmf_muushop_order` VALUES ('262', '20181105090424949412', '106.8.36.197', '1', '1541379864', '1541551403', '0', '0', '1541551345', '1541551403', '13500', '0', '600', '0', '10', 'delivery', '', '', '{\"id\":65,\"uid\":1,\"update_time\":1541237959,\"name\":\"\\u5927\\u8499\",\"phone\":\"18618380435\",\"province\":110000,\"city\":110100,\"district\":110101,\"address\":\"\\u9752\\u5e74\\u6c9f\\u8def\\u5b89\\u6e90\\u5927\\u53a6411\\u5ba4xxx\",\"create_time\":1540882249}', '{\"ShipperName\":\"\\u987a\\u98ce\\u5feb\\u9012\",\"ShipperCode\":\"SF\",\"LogisticCode\":\"123456\"}', '{\"remark\":\"\"}', '[{\"sku_id\":\"16;\\u5c3a\\u7801:L;\\u6f14\\u793a:\\u6d45\\u7070\",\"quantity\":1,\"paid_price\":12900,\"title\":\"\\u68ee\\u9a6cT\\u6064\\u59732018\\u6625\\u5b63\\u65b0\\u6b3e\\u663e\\u7626\\u4e03\\u5206\\u8896\\u6f6e\\u6d41\\u5b57\\u6bcd\\u523a\\u7ee3\\u5706\\u9886\\u5957\\u5934\\u6f6e\\u6d41\",\"main_img\":41}]', '4');
INSERT INTO `muucmf_muushop_order` VALUES ('263', '20181105090451452272', '106.8.36.197', '1', '1541379891', '1541379891', '0', '0', '0', '0', '13500', '0', '600', '0', '10', 'delivery', '', '', '{\"id\":65,\"uid\":1,\"update_time\":1541237959,\"name\":\"\\u5927\\u8499\",\"phone\":\"18618380435\",\"province\":110000,\"city\":110100,\"district\":110101,\"address\":\"\\u9752\\u5e74\\u6c9f\\u8def\\u5b89\\u6e90\\u5927\\u53a6411\\u5ba4xxx\",\"create_time\":1540882249}', '', '{\"remark\":\"\"}', '[{\"sku_id\":\"16;\\u5c3a\\u7801:L;\\u6f14\\u793a:\\u6d45\\u7070\",\"quantity\":1,\"paid_price\":12900,\"title\":\"\\u68ee\\u9a6cT\\u6064\\u59732018\\u6625\\u5b63\\u65b0\\u6b3e\\u663e\\u7626\\u4e03\\u5206\\u8896\\u6f6e\\u6d41\\u5b57\\u6bcd\\u523a\\u7ee3\\u5706\\u9886\\u5957\\u5934\\u6f6e\\u6d41\",\"main_img\":41}]', '2');
INSERT INTO `muucmf_muushop_order` VALUES ('264', '20181105093120414222', '106.8.36.197', '1', '1541381480', '1541381480', '0', '0', '0', '0', '20586', '0', '600', '0', '0', 'delivery', '', '', '{\"id\":65,\"uid\":1,\"update_time\":1541237959,\"name\":\"\\u5927\\u8499\",\"phone\":\"18618380435\",\"province\":110000,\"city\":110100,\"district\":110101,\"address\":\"\\u9752\\u5e74\\u6c9f\\u8def\\u5b89\\u6e90\\u5927\\u53a6411\\u5ba4xxx\",\"create_time\":1540882249}', '', '{\"remark\":\"\"}', '[{\"sku_id\":\"21;\\u989c\\u8272:\\u7c89\\u5ae9;\\u5c3a\\u7801:L\",\"quantity\":1,\"paid_price\":19986,\"title\":\"\\u5996\\u7cbe\\u7684\\u53e3\\u888b\\u5c11\\u5e74\\u4e0d\\u77e5\\u6101\\u79cb\\u88c5\\u65b0\\u6b3e\\u590d\\u53e4\\u5bbd\\u677e\\u6536\\u8170\\u9886\\u5e26\\u8fde\\u8863\\u88d9\\u5973\",\"main_img\":84}]', '2');
INSERT INTO `muucmf_muushop_order` VALUES ('265', '20181105093321731593', '106.8.36.197', '1', '1541381601', '1541395714', '0', '0', '1541382389', '1541395714', '32180', '20', '600', '20', '0', 'delivery', '', '', '{\"id\":67,\"uid\":1,\"update_time\":1541237799,\"name\":\"\\u65b0\\u6d4b\\u8bd5\",\"phone\":\"15232145689\",\"province\":120000,\"city\":120100,\"district\":120114,\"address\":\"\\u65f6\\u53d1\\u751f\\u5730\\u65b9\\u6c34\\u7535\\u8d39\\u6c34\\u7535\\u8d39\\u662f\",\"create_time\":1540970932}', '{\"ShipperName\":\"\\u987a\\u98ce\\u5feb\\u9012\",\"ShipperCode\":\"SF\",\"LogisticCode\":\"223344\"}', '{\"remark\":\"\"}', '[{\"sku_id\":\"20;\\u5c3a\\u7801:M\",\"quantity\":1,\"paid_price\":31600,\"title\":\"\\u5996\\u7cbe\\u7684\\u53e3\\u888b\\u4e1b\\u6797&\\u8349\\u539f\\u51ac\\u88c5\\u65b0\\u6b3e\\u590d\\u53e4\\u62fc\\u63a5\\u9e82\\u76ae\\u7ed2\\u77ed\\u6b3e\\u6bdb\\u5462\\u5916\\u5957\\u5973\",\"main_img\":76}]', '4');
INSERT INTO `muucmf_muushop_order` VALUES ('266', '20181106095319656246', '106.8.36.197', '1', '1541469199', '1541471602', '0', '0', '1541471523', '1541471602', '84400', '0', '900', '0', '10', 'delivery', '', '', '{\"id\":65,\"uid\":1,\"update_time\":1541237959,\"name\":\"\\u5927\\u8499\",\"phone\":\"18618380435\",\"province\":110000,\"city\":110100,\"district\":110101,\"address\":\"\\u9752\\u5e74\\u6c9f\\u8def\\u5b89\\u6e90\\u5927\\u53a6411\\u5ba4xxx\",\"create_time\":1540882249}', '{\"ShipperName\":\"\\u987a\\u98ce\\u5feb\\u9012\",\"ShipperCode\":\"SF\",\"LogisticCode\":\"123456\"}', '{\"remark\":\"\"}', '[{\"sku_id\":\"19\",\"quantity\":1,\"paid_price\":51900,\"title\":\"\\u88c2\\u5e1b\\u5973\\u88c52018\\u79cb\\u65b0\\u6b3e\\u9ad8\\u9886\\u63d0\\u82b1\\u957f\\u8896\\u88d9\\u5b50\\u8fde\\u8863\\u88d9\\u5973\",\"main_img\":63},{\"sku_id\":\"20;\\u5c3a\\u7801:L\",\"quantity\":1,\"paid_price\":31600,\"title\":\"\\u5996\\u7cbe\\u7684\\u53e3\\u888b\\u4e1b\\u6797&\\u8349\\u539f\\u51ac\\u88c5\\u65b0\\u6b3e\\u590d\\u53e4\\u62fc\\u63a5\\u9e82\\u76ae\\u7ed2\\u77ed\\u6b3e\\u6bdb\\u5462\\u5916\\u5957\\u5973\",\"main_img\":76}]', '4');
INSERT INTO `muucmf_muushop_order` VALUES ('267', '20181106160210613332', '106.8.36.197', '1', '1541491330', '1541492262', '0', '0', '1541492249', '1541492262', '32200', '0', '600', '0', '0', 'delivery', '', '', '{\"id\":65,\"uid\":1,\"update_time\":1541237959,\"name\":\"\\u5927\\u8499\",\"phone\":\"18618380435\",\"province\":110000,\"city\":110100,\"district\":110101,\"address\":\"\\u9752\\u5e74\\u6c9f\\u8def\\u5b89\\u6e90\\u5927\\u53a6411\\u5ba4xxx\",\"create_time\":1540882249}', '{\"ShipperName\":\"\\u987a\\u98ce\\u5feb\\u9012\",\"ShipperCode\":\"SF\",\"LogisticCode\":\"123456\"}', '{\"remark\":\"\"}', '[{\"sku_id\":\"20;\\u5c3a\\u7801:XL\",\"quantity\":1,\"paid_price\":31600,\"title\":\"\\u5996\\u7cbe\\u7684\\u53e3\\u888b\\u4e1b\\u6797&\\u8349\\u539f\\u51ac\\u88c5\\u65b0\\u6b3e\\u590d\\u53e4\\u62fc\\u63a5\\u9e82\\u76ae\\u7ed2\\u77ed\\u6b3e\\u6bdb\\u5462\\u5916\\u5957\\u5973\",\"main_img\":76}]', '4');
INSERT INTO `muucmf_muushop_order` VALUES ('268', '20181107090335430613', '106.8.36.197', '1', '1541552615', '1541552642', '0', '0', '1541552631', '1541552642', '20586', '0', '600', '0', '0', 'delivery', '', '', '{\"id\":67,\"uid\":1,\"update_time\":1541237799,\"name\":\"\\u65b0\\u6d4b\\u8bd5\",\"phone\":\"15232145689\",\"province\":120000,\"city\":120100,\"district\":120114,\"address\":\"\\u65f6\\u53d1\\u751f\\u5730\\u65b9\\u6c34\\u7535\\u8d39\\u6c34\\u7535\\u8d39\\u662f\",\"create_time\":1540970932}', '{\"ShipperName\":\"\\u987a\\u98ce\\u5feb\\u9012\",\"ShipperCode\":\"SF\",\"LogisticCode\":\"123456\"}', '{\"remark\":\"\"}', '[{\"sku_id\":\"21;\\u989c\\u8272:\\u85cf\\u84dd;\\u5c3a\\u7801:M\",\"quantity\":1,\"paid_price\":19986,\"title\":\"\\u5996\\u7cbe\\u7684\\u53e3\\u888b\\u5c11\\u5e74\\u4e0d\\u77e5\\u6101\\u79cb\\u88c5\\u65b0\\u6b3e\\u590d\\u53e4\\u5bbd\\u677e\\u6536\\u8170\\u9886\\u5e26\\u8fde\\u8863\\u88d9\\u5973\",\"main_img\":84}]', '4');
INSERT INTO `muucmf_muushop_order` VALUES ('269', '20181107092333383225', '106.8.36.197', '1', '1541553813', '1541553884', '0', '0', '1541553870', '1541553883', '40872', '0', '900', '0', '0', 'delivery', '', '', '{\"id\":65,\"uid\":1,\"update_time\":1541237959,\"name\":\"\\u5927\\u8499\",\"phone\":\"18618380435\",\"province\":110000,\"city\":110100,\"district\":110101,\"address\":\"\\u9752\\u5e74\\u6c9f\\u8def\\u5b89\\u6e90\\u5927\\u53a6411\\u5ba4xxx\",\"create_time\":1540882249}', '{\"ShipperName\":\"\\u987a\\u98ce\\u5feb\\u9012\",\"ShipperCode\":\"SF\",\"LogisticCode\":\"123456\"}', '{\"remark\":\"\"}', '[{\"sku_id\":\"21;\\u989c\\u8272:\\u85cf\\u84dd;\\u5c3a\\u7801:M\",\"quantity\":1,\"paid_price\":19986,\"title\":\"\\u5996\\u7cbe\\u7684\\u53e3\\u888b\\u5c11\\u5e74\\u4e0d\\u77e5\\u6101\\u79cb\\u88c5\\u65b0\\u6b3e\\u590d\\u53e4\\u5bbd\\u677e\\u6536\\u8170\\u9886\\u5e26\\u8fde\\u8863\\u88d9\\u5973\",\"main_img\":84},{\"sku_id\":\"21;\\u989c\\u8272:\\u85cf\\u84dd;\\u5c3a\\u7801:S\",\"quantity\":1,\"paid_price\":19986,\"title\":\"\\u5996\\u7cbe\\u7684\\u53e3\\u888b\\u5c11\\u5e74\\u4e0d\\u77e5\\u6101\\u79cb\\u88c5\\u65b0\\u6b3e\\u590d\\u53e4\\u5bbd\\u677e\\u6536\\u8170\\u9886\\u5e26\\u8fde\\u8863\\u88d9\\u5973\",\"main_img\":84}]', '4');
INSERT INTO `muucmf_muushop_order` VALUES ('270', '20181107175718293536', '111.227.149.28', '1', '1541584638', '1541584709', '0', '0', '1541584680', '1541584709', '20586', '0', '600', '0', '0', 'delivery', '', '', '{\"id\":65,\"uid\":1,\"update_time\":1541237959,\"name\":\"\\u5927\\u8499\",\"phone\":\"18618380435\",\"province\":110000,\"city\":110100,\"district\":110101,\"address\":\"\\u9752\\u5e74\\u6c9f\\u8def\\u5b89\\u6e90\\u5927\\u53a6411\\u5ba4xxx\",\"create_time\":1540882249}', '{\"ShipperName\":\"\\u987a\\u98ce\\u5feb\\u9012\",\"ShipperCode\":\"SF\",\"LogisticCode\":\"11111\"}', '{\"remark\":\"\"}', '[{\"sku_id\":\"21;\\u989c\\u8272:\\u85cf\\u84dd;\\u5c3a\\u7801:S\",\"quantity\":1,\"paid_price\":19986,\"title\":\"\\u5996\\u7cbe\\u7684\\u53e3\\u888b\\u5c11\\u5e74\\u4e0d\\u77e5\\u6101\\u79cb\\u88c5\\u65b0\\u6b3e\\u590d\\u53e4\\u5bbd\\u677e\\u6536\\u8170\\u9886\\u5e26\\u8fde\\u8863\\u88d9\\u5973\",\"main_img\":84}]', '4');
INSERT INTO `muucmf_muushop_order` VALUES ('271', '20181107175729771753', '111.227.149.28', '1', '1541584649', '1541584706', '0', '0', '1541584686', '1541584706', '20586', '0', '600', '0', '0', 'delivery', '', '', '{\"id\":65,\"uid\":1,\"update_time\":1541237959,\"name\":\"\\u5927\\u8499\",\"phone\":\"18618380435\",\"province\":110000,\"city\":110100,\"district\":110101,\"address\":\"\\u9752\\u5e74\\u6c9f\\u8def\\u5b89\\u6e90\\u5927\\u53a6411\\u5ba4xxx\",\"create_time\":1540882249}', '{\"ShipperName\":\"\\u987a\\u98ce\\u5feb\\u9012\",\"ShipperCode\":\"SF\",\"LogisticCode\":\"11111\"}', '{\"remark\":\"\"}', '[{\"sku_id\":\"21;\\u989c\\u8272:\\u85cf\\u84dd;\\u5c3a\\u7801:L\",\"quantity\":1,\"paid_price\":19986,\"title\":\"\\u5996\\u7cbe\\u7684\\u53e3\\u888b\\u5c11\\u5e74\\u4e0d\\u77e5\\u6101\\u79cb\\u88c5\\u65b0\\u6b3e\\u590d\\u53e4\\u5bbd\\u677e\\u6536\\u8170\\u9886\\u5e26\\u8fde\\u8863\\u88d9\\u5973\",\"main_img\":84}]', '4');
INSERT INTO `muucmf_muushop_order` VALUES ('272', '20181107175738699099', '111.227.149.28', '1', '1541584658', '1541584704', '0', '0', '1541584691', '1541584704', '20586', '0', '600', '0', '0', 'delivery', '', '', '{\"id\":65,\"uid\":1,\"update_time\":1541237959,\"name\":\"\\u5927\\u8499\",\"phone\":\"18618380435\",\"province\":110000,\"city\":110100,\"district\":110101,\"address\":\"\\u9752\\u5e74\\u6c9f\\u8def\\u5b89\\u6e90\\u5927\\u53a6411\\u5ba4xxx\",\"create_time\":1540882249}', '{\"ShipperName\":\"\\u987a\\u98ce\\u5feb\\u9012\",\"ShipperCode\":\"SF\",\"LogisticCode\":\"11111\"}', '{\"remark\":\"\"}', '[{\"sku_id\":\"21;\\u989c\\u8272:\\u85cf\\u84dd;\\u5c3a\\u7801:M\",\"quantity\":1,\"paid_price\":19986,\"title\":\"\\u5996\\u7cbe\\u7684\\u53e3\\u888b\\u5c11\\u5e74\\u4e0d\\u77e5\\u6101\\u79cb\\u88c5\\u65b0\\u6b3e\\u590d\\u53e4\\u5bbd\\u677e\\u6536\\u8170\\u9886\\u5e26\\u8fde\\u8863\\u88d9\\u5973\",\"main_img\":84}]', '4');
INSERT INTO `muucmf_muushop_order` VALUES ('273', '20181108095644844837', '106.8.36.197', '1', '1541642204', '1541834470', '0', '0', '1541644030', '1541834470', '13500', '0', '600', '0', '10', 'delivery', '', '', '{\"id\":65,\"uid\":1,\"update_time\":1541237959,\"name\":\"\\u5927\\u8499\",\"phone\":\"18618380435\",\"province\":110000,\"city\":110100,\"district\":110101,\"address\":\"\\u9752\\u5e74\\u6c9f\\u8def\\u5b89\\u6e90\\u5927\\u53a6411\\u5ba4xxx\",\"create_time\":1540882249}', '{\"ShipperName\":\"\\u987a\\u98ce\\u5feb\\u9012\",\"ShipperCode\":\"SF\",\"LogisticCode\":\"111111\"}', '{\"remark\":\"\"}', '[{\"sku_id\":\"16;\\u5c3a\\u7801:L;\\u6f14\\u793a:\\u6d45\\u7070\",\"quantity\":1,\"paid_price\":12900,\"title\":\"\\u68ee\\u9a6cT\\u6064\\u59732018\\u6625\\u5b63\\u65b0\\u6b3e\\u663e\\u7626\\u4e03\\u5206\\u8896\\u6f6e\\u6d41\\u5b57\\u6bcd\\u523a\\u7ee3\\u5706\\u9886\\u5957\\u5934\\u6f6e\\u6d41\",\"main_img\":41}]', '4');
INSERT INTO `muucmf_muushop_order` VALUES ('274', '20181108102552562765', '106.8.36.197', '1', '1541643952', '1541904959', '0', '0', '1541834450', '1541904959', '32200', '0', '600', '0', '0', 'delivery', '', '', '{\"id\":65,\"uid\":1,\"update_time\":1541237959,\"name\":\"\\u5927\\u8499\",\"phone\":\"18618380435\",\"province\":110000,\"city\":110100,\"district\":110101,\"address\":\"\\u9752\\u5e74\\u6c9f\\u8def\\u5b89\\u6e90\\u5927\\u53a6411\\u5ba4xxx\",\"create_time\":1540882249}', '{\"ShipperName\":\"\\u987a\\u98ce\\u5feb\\u9012\",\"ShipperCode\":\"SF\",\"LogisticCode\":\"123456\"}', '{\"remark\":\"\"}', '[{\"sku_id\":\"20;\\u5c3a\\u7801:S\",\"quantity\":1,\"paid_price\":31600,\"title\":\"\\u5996\\u7cbe\\u7684\\u53e3\\u888b\\u4e1b\\u6797&\\u8349\\u539f\\u51ac\\u88c5\\u65b0\\u6b3e\\u590d\\u53e4\\u62fc\\u63a5\\u9e82\\u76ae\\u7ed2\\u77ed\\u6b3e\\u6bdb\\u5462\\u5916\\u5957\\u5973\",\"main_img\":76}]', '4');
INSERT INTO `muucmf_muushop_order` VALUES ('275', '20181108191052693557', '106.8.36.197', '1', '1541675452', '1541675452', '0', '0', '0', '0', '19500', '0', '600', '0', '5', 'delivery', '', '', '{\"id\":67,\"uid\":1,\"update_time\":1541675442,\"name\":\"\\u65b0\\u6d4b\\u8bd5\\u6210v\",\"phone\":\"15232145689\",\"province\":120000,\"city\":120100,\"district\":120114,\"address\":\"\\u65f6\\u53d1\\u751f\\u5730\\u65b9\\u6c34\\u7535\\u8d39\\u6c34\\u7535\\u8d39\\u662f\",\"create_time\":1540970932}', '', '{\"remark\":\"\"}', '[{\"sku_id\":\"22;\\u989c\\u8272:\\u7070\\u8272;\\u5c3a\\u7801:M\",\"quantity\":1,\"paid_price\":18900,\"title\":\"\\u7f8e\\u7279\\u65af\\u90a6\\u5a01\\u8fde\\u8863\\u88d9\\u5973\\u58eb\\u79cb\\u51ac\\u88c5\\u4e2d\\u957f\\u6b3e\\u4fee\\u8eab\\u5305\\u81c0\\u9488\\u7ec7\\u88d9\\u5b50\\u523a\\u7ee3\\u97e9\\u7248\\u6f6e\",\"main_img\":92}]', '2');
INSERT INTO `muucmf_muushop_order` VALUES ('276', '20181108192309811065', '106.8.36.197', '1', '1541676189', '1541676189', '0', '0', '0', '0', '45400', '0', '900', '0', '10', 'delivery', '', '', '{\"id\":65,\"uid\":1,\"update_time\":1541675477,\"name\":\"\\u5927\\u8499\",\"phone\":\"18618380435\",\"province\":110000,\"city\":110100,\"district\":110101,\"address\":\"\\u9752\\u5e74\\u6c9f\\u8def\\u5b89\\u6e90\\u5927\\u53a6411\\u5ba4xxx\",\"create_time\":1540882249}', '', '{\"remark\":\"\"}', '[{\"sku_id\":\"16;\\u5c3a\\u7801:S;\\u6f14\\u793a:\\u6d45\\u7070\",\"quantity\":1,\"paid_price\":12900,\"title\":\"\\u68ee\\u9a6cT\\u6064\\u59732018\\u6625\\u5b63\\u65b0\\u6b3e\\u663e\\u7626\\u4e03\\u5206\\u8896\\u6f6e\\u6d41\\u5b57\\u6bcd\\u523a\\u7ee3\\u5706\\u9886\\u5957\\u5934\\u6f6e\\u6d41\",\"main_img\":41},{\"sku_id\":\"20;\\u5c3a\\u7801:XL\",\"quantity\":1,\"paid_price\":31600,\"title\":\"\\u5996\\u7cbe\\u7684\\u53e3\\u888b\\u4e1b\\u6797&\\u8349\\u539f\\u51ac\\u88c5\\u65b0\\u6b3e\\u590d\\u53e4\\u62fc\\u63a5\\u9e82\\u76ae\\u7ed2\\u77ed\\u6b3e\\u6bdb\\u5462\\u5916\\u5957\\u5973\",\"main_img\":76}]', '2');
INSERT INTO `muucmf_muushop_order` VALUES ('277', '20181109120847976837', '123.183.134.169', '1', '1541736527', '1541736527', '0', '0', '0', '0', '42500', '0', '600', '0', '10', 'delivery', '', '', '{\"id\":65,\"uid\":1,\"update_time\":1541675477,\"name\":\"\\u5927\\u8499\",\"phone\":\"18618380435\",\"province\":110000,\"city\":110100,\"district\":110101,\"address\":\"\\u9752\\u5e74\\u6c9f\\u8def\\u5b89\\u6e90\\u5927\\u53a6411\\u5ba4xxx\",\"create_time\":1540882249}', '', '\"{\\\"remark\\\":\\\"\\\",\\\"invoice_title\\\":\\\"\\\"}\"', '[{\"sku_id\":\"17\",\"quantity\":1,\"paid_price\":41900,\"title\":\"\\u88c2\\u5e1b\\u5973\\u88c52018\\u79cb\\u65b0\\u6b3e\\u9ad8\\u9886\\u523a\\u7ee3\\u957f\\u8896\\u5bbd\\u677e\\u6b3e\\u6bdb\\u8863\\u5973\",\"main_img\":48}]', '2');
INSERT INTO `muucmf_muushop_order` VALUES ('278', '20181110135632124765', '123.183.134.169', '1', '1541829392', '1541829392', '0', '0', '0', '0', '20586', '0', '600', '0', '0', 'delivery', '', '', '{\"id\":65,\"uid\":1,\"update_time\":1541675477,\"name\":\"\\u5927\\u8499\",\"phone\":\"18618380435\",\"province\":110000,\"city\":110100,\"district\":110101,\"address\":\"\\u9752\\u5e74\\u6c9f\\u8def\\u5b89\\u6e90\\u5927\\u53a6411\\u5ba4xxx\",\"create_time\":1540882249}', '', '\"{\\\"remark\\\":\\\"\\\",\\\"invoice_title\\\":\\\"\\\"}\"', '[{\"sku_id\":\"21;\\u989c\\u8272:\\u7c89\\u5ae9;\\u5c3a\\u7801:M\",\"quantity\":1,\"paid_price\":19986,\"title\":\"\\u5996\\u7cbe\\u7684\\u53e3\\u888b\\u5c11\\u5e74\\u4e0d\\u77e5\\u6101\\u79cb\\u88c5\\u65b0\\u6b3e\\u590d\\u53e4\\u5bbd\\u677e\\u6536\\u8170\\u9886\\u5e26\\u8fde\\u8863\\u88d9\\u5973\",\"main_img\":84}]', '2');
INSERT INTO `muucmf_muushop_order` VALUES ('279', '20181110140504867019', '123.183.134.169', '1', '1541829905', '1541829905', '0', '0', '0', '0', '13500', '0', '600', '0', '10', 'delivery', '', '', '{\"id\":65,\"uid\":1,\"update_time\":1541675477,\"name\":\"\\u5927\\u8499\",\"phone\":\"18618380435\",\"province\":110000,\"city\":110100,\"district\":110101,\"address\":\"\\u9752\\u5e74\\u6c9f\\u8def\\u5b89\\u6e90\\u5927\\u53a6411\\u5ba4xxx\",\"create_time\":1540882249}', '', '\"{\\\"remark\\\":\\\"\\\",\\\"invoice_title\\\":\\\"\\\"}\"', '[{\"sku_id\":\"16;\\u5c3a\\u7801:L;\\u6f14\\u793a:\\u6d45\\u7070\",\"quantity\":1,\"paid_price\":12900,\"title\":\"\\u68ee\\u9a6cT\\u6064\\u59732018\\u6625\\u5b63\\u65b0\\u6b3e\\u663e\\u7626\\u4e03\\u5206\\u8896\\u6f6e\\u6d41\\u5b57\\u6bcd\\u523a\\u7ee3\\u5706\\u9886\\u5957\\u5934\\u6f6e\\u6d41\",\"main_img\":41}]', '2');
INSERT INTO `muucmf_muushop_order` VALUES ('280', '20181110140638714645', '123.183.134.169', '1', '1541829998', '1541829998', '0', '0', '0', '0', '13500', '0', '600', '0', '10', 'delivery', '', '', '{\"id\":65,\"uid\":1,\"update_time\":1541675477,\"name\":\"\\u5927\\u8499\",\"phone\":\"18618380435\",\"province\":110000,\"city\":110100,\"district\":110101,\"address\":\"\\u9752\\u5e74\\u6c9f\\u8def\\u5b89\\u6e90\\u5927\\u53a6411\\u5ba4xxx\",\"create_time\":1540882249}', '', '\"{\\\"remark\\\":\\\"\\\",\\\"invoice_title\\\":\\\"\\\"}\"', '[{\"sku_id\":\"16;\\u5c3a\\u7801:L;\\u6f14\\u793a:\\u6d45\\u7070\",\"quantity\":1,\"paid_price\":12900,\"title\":\"\\u68ee\\u9a6cT\\u6064\\u59732018\\u6625\\u5b63\\u65b0\\u6b3e\\u663e\\u7626\\u4e03\\u5206\\u8896\\u6f6e\\u6d41\\u5b57\\u6bcd\\u523a\\u7ee3\\u5706\\u9886\\u5957\\u5934\\u6f6e\\u6d41\",\"main_img\":41}]', '2');
INSERT INTO `muucmf_muushop_order` VALUES ('288', '20181110145859594515', '123.183.134.169', '1', '1541833139', '1541833139', '0', '0', '0', '0', '13000', '500', '600', '0', '10', 'delivery', '', '', '{\"id\":65,\"uid\":1,\"update_time\":1541675477,\"name\":\"\\u5927\\u8499\",\"phone\":\"18618380435\",\"province\":110000,\"city\":110100,\"district\":110101,\"address\":\"\\u9752\\u5e74\\u6c9f\\u8def\\u5b89\\u6e90\\u5927\\u53a6411\\u5ba4xxx\",\"create_time\":1540882249}', '', '\"{\\\"remark\\\":\\\"\\\",\\\"invoice_title\\\":\\\"\\\"}\"', '[{\"sku_id\":\"16;\\u5c3a\\u7801:S;\\u6f14\\u793a:\\u6d45\\u7070\",\"quantity\":1,\"paid_price\":12900,\"title\":\"\\u68ee\\u9a6cT\\u6064\\u59732018\\u6625\\u5b63\\u65b0\\u6b3e\\u663e\\u7626\\u4e03\\u5206\\u8896\\u6f6e\\u6d41\\u5b57\\u6bcd\\u523a\\u7ee3\\u5706\\u9886\\u5957\\u5934\\u6f6e\\u6d41\",\"main_img\":41}]', '2');
INSERT INTO `muucmf_muushop_order` VALUES ('289', '20181110151958204171', '123.183.134.169', '1', '1541834398', '1541834398', '0', '0', '0', '0', '13000', '500', '600', '0', '10', 'delivery', '', '', '{\"id\":65,\"uid\":1,\"update_time\":1541675477,\"name\":\"\\u5927\\u8499\",\"phone\":\"18618380435\",\"province\":110000,\"city\":110100,\"district\":110101,\"address\":\"\\u9752\\u5e74\\u6c9f\\u8def\\u5b89\\u6e90\\u5927\\u53a6411\\u5ba4xxx\",\"create_time\":1540882249}', '', '\"{\\\"remark\\\":\\\"\\\",\\\"invoice_title\\\":\\\"\\\"}\"', '[{\"sku_id\":\"16;\\u5c3a\\u7801:S;\\u6f14\\u793a:\\u6d45\\u7070\",\"quantity\":1,\"paid_price\":12900,\"title\":\"\\u68ee\\u9a6cT\\u6064\\u59732018\\u6625\\u5b63\\u65b0\\u6b3e\\u663e\\u7626\\u4e03\\u5206\\u8896\\u6f6e\\u6d41\\u5b57\\u6bcd\\u523a\\u7ee3\\u5706\\u9886\\u5957\\u5934\\u6f6e\\u6d41\",\"main_img\":41}]', '2');
INSERT INTO `muucmf_muushop_order` VALUES ('290', '20181111105549285275', '123.183.134.169', '1', '1541904949', '1541982674', '0', '0', '1541905110', '1541982674', '20586', '0', '600', '0', '0', 'delivery', '', '', '{\"id\":65,\"uid\":1,\"update_time\":1541675477,\"name\":\"\\u5927\\u8499\",\"phone\":\"18618380435\",\"province\":110000,\"city\":110100,\"district\":110101,\"address\":\"\\u9752\\u5e74\\u6c9f\\u8def\\u5b89\\u6e90\\u5927\\u53a6411\\u5ba4xxx\",\"create_time\":1540882249}', '{\"ShipperName\":\"\\u987a\\u98ce\\u5feb\\u9012\",\"ShipperCode\":\"SF\",\"LogisticCode\":\"23423424242\"}', '\"{\\\"remark\\\":\\\"\\\",\\\"invoice_title\\\":\\\"\\\"}\"', '[{\"sku_id\":\"21;\\u989c\\u8272:\\u7c89\\u5ae9;\\u5c3a\\u7801:M\",\"quantity\":1,\"paid_price\":19986,\"title\":\"\\u5996\\u7cbe\\u7684\\u53e3\\u888b\\u5c11\\u5e74\\u4e0d\\u77e5\\u6101\\u79cb\\u88c5\\u65b0\\u6b3e\\u590d\\u53e4\\u5bbd\\u677e\\u6536\\u8170\\u9886\\u5e26\\u8fde\\u8863\\u88d9\\u5973\",\"main_img\":84}]', '4');
INSERT INTO `muucmf_muushop_order` VALUES ('291', '20181111105637753817', '123.183.134.169', '1', '1541904997', '1541905025', '0', '0', '1541905011', '1541905025', '32200', '0', '600', '0', '0', 'delivery', '', '', '{\"id\":65,\"uid\":1,\"update_time\":1541675477,\"name\":\"\\u5927\\u8499\",\"phone\":\"18618380435\",\"province\":110000,\"city\":110100,\"district\":110101,\"address\":\"\\u9752\\u5e74\\u6c9f\\u8def\\u5b89\\u6e90\\u5927\\u53a6411\\u5ba4xxx\",\"create_time\":1540882249}', '{\"ShipperName\":\"\\u987a\\u98ce\\u5feb\\u9012\",\"ShipperCode\":\"SF\",\"LogisticCode\":\"123456\"}', '\"{\\\"remark\\\":\\\"\\\",\\\"invoice_title\\\":\\\"\\\"}\"', '[{\"sku_id\":\"20;\\u5c3a\\u7801:S\",\"quantity\":1,\"paid_price\":31600,\"title\":\"\\u5996\\u7cbe\\u7684\\u53e3\\u888b\\u4e1b\\u6797&\\u8349\\u539f\\u51ac\\u88c5\\u65b0\\u6b3e\\u590d\\u53e4\\u62fc\\u63a5\\u9e82\\u76ae\\u7ed2\\u77ed\\u6b3e\\u6bdb\\u5462\\u5916\\u5957\\u5973\",\"main_img\":76}]', '4');
INSERT INTO `muucmf_muushop_order` VALUES ('292', '20181112123156474699', '123.183.134.169', '1', '1541997116', '1541997116', '0', '0', '0', '0', '13500', '0', '600', '0', '10', 'delivery', '', '', '{\"id\":65,\"uid\":1,\"update_time\":1541675477,\"name\":\"\\u5927\\u8499\",\"phone\":\"18618380435\",\"province\":110000,\"city\":110100,\"district\":110101,\"address\":\"\\u9752\\u5e74\\u6c9f\\u8def\\u5b89\\u6e90\\u5927\\u53a6411\\u5ba4xxx\",\"create_time\":1540882249}', '', '\"{\\\"remark\\\":\\\"\\\",\\\"invoice_title\\\":\\\"\\\"}\"', '[{\"sku_id\":\"16;\\u5c3a\\u7801:M;\\u6f14\\u793a:\\u6d45\\u7070\",\"quantity\":1,\"paid_price\":12900,\"title\":\"\\u68ee\\u9a6cT\\u6064\\u59732018\\u6625\\u5b63\\u65b0\\u6b3e\\u663e\\u7626\\u4e03\\u5206\\u8896\\u6f6e\\u6d41\\u5b57\\u6bcd\\u523a\\u7ee3\\u5706\\u9886\\u5957\\u5934\\u6f6e\\u6d41\",\"main_img\":41}]', '2');
INSERT INTO `muucmf_muushop_order` VALUES ('293', '20181113123106293169', '123.183.134.169', '1', '1542083466', '1542687707', '0', '0', '1542105632', '1542687707', '13500', '0', '600', '0', '10', 'delivery', '', '', '{\"id\":65,\"uid\":1,\"update_time\":1541675477,\"name\":\"\\u5927\\u8499\",\"phone\":\"18618380435\",\"province\":110000,\"city\":110100,\"district\":110101,\"address\":\"\\u9752\\u5e74\\u6c9f\\u8def\\u5b89\\u6e90\\u5927\\u53a6411\\u5ba4xxx\",\"create_time\":1540882249}', '{\"ShipperName\":\"\\u987a\\u98ce\\u5feb\\u9012\",\"ShipperCode\":\"SF\",\"LogisticCode\":\"123456\"}', '\"{\\\"remark\\\":\\\"\\\",\\\"invoice_title\\\":\\\"\\\"}\"', '[{\"sku_id\":\"16;\\u5c3a\\u7801:S;\\u6f14\\u793a:\\u6df1\\u7070\",\"quantity\":1,\"paid_price\":12900,\"title\":\"\\u68ee\\u9a6cT\\u6064\\u59732018\\u6625\\u5b63\\u65b0\\u6b3e\\u663e\\u7626\\u4e03\\u5206\\u8896\\u6f6e\\u6d41\\u5b57\\u6bcd\\u523a\\u7ee3\\u5706\\u9886\\u5957\\u5934\\u6f6e\\u6d41\",\"main_img\":41}]', '4');
INSERT INTO `muucmf_muushop_order` VALUES ('294', '20181113181652904313', '123.183.134.169', '1', '1542104212', '1542104253', '0', '0', '1542104235', '1542104253', '13500', '0', '600', '0', '10', 'delivery', '', '', '{\"id\":65,\"uid\":1,\"update_time\":1541675477,\"name\":\"\\u5927\\u8499\",\"phone\":\"18618380435\",\"province\":110000,\"city\":110100,\"district\":110101,\"address\":\"\\u9752\\u5e74\\u6c9f\\u8def\\u5b89\\u6e90\\u5927\\u53a6411\\u5ba4xxx\",\"create_time\":1540882249}', '{\"ShipperName\":\"\\u4e2d\\u901a\\u5feb\\u9012\",\"ShipperCode\":\"ZTO\",\"LogisticCode\":\"123456\"}', '\"{\\\"remark\\\":\\\"\\\",\\\"invoice_title\\\":\\\"\\\"}\"', '[{\"sku_id\":\"16;\\u5c3a\\u7801:S;\\u6f14\\u793a:\\u6df1\\u7070\",\"quantity\":1,\"paid_price\":12900,\"title\":\"\\u68ee\\u9a6cT\\u6064\\u59732018\\u6625\\u5b63\\u65b0\\u6b3e\\u663e\\u7626\\u4e03\\u5206\\u8896\\u6f6e\\u6d41\\u5b57\\u6bcd\\u523a\\u7ee3\\u5706\\u9886\\u5957\\u5934\\u6f6e\\u6d41\",\"main_img\":41}]', '4');
INSERT INTO `muucmf_muushop_order` VALUES ('295', '20181113181816384964', '123.183.134.169', '1', '1542104296', '1542104346', '0', '0', '1542104327', '1542104346', '13500', '0', '600', '0', '10', 'delivery', '', '', '{\"id\":65,\"uid\":1,\"update_time\":1541675477,\"name\":\"\\u5927\\u8499\",\"phone\":\"18618380435\",\"province\":110000,\"city\":110100,\"district\":110101,\"address\":\"\\u9752\\u5e74\\u6c9f\\u8def\\u5b89\\u6e90\\u5927\\u53a6411\\u5ba4xxx\",\"create_time\":1540882249}', '{\"ShipperName\":\"\\u987a\\u98ce\\u5feb\\u9012\",\"ShipperCode\":\"SF\",\"LogisticCode\":\"123456\"}', '\"{\\\"remark\\\":\\\"\\\",\\\"invoice_title\\\":\\\"\\\"}\"', '[{\"sku_id\":\"16;\\u5c3a\\u7801:S;\\u6f14\\u793a:\\u6d45\\u7070\",\"quantity\":1,\"paid_price\":12900,\"title\":\"\\u68ee\\u9a6cT\\u6064\\u59732018\\u6625\\u5b63\\u65b0\\u6b3e\\u663e\\u7626\\u4e03\\u5206\\u8896\\u6f6e\\u6d41\\u5b57\\u6bcd\\u523a\\u7ee3\\u5706\\u9886\\u5957\\u5934\\u6f6e\\u6d41\",\"main_img\":41}]', '4');
INSERT INTO `muucmf_muushop_order` VALUES ('296', '20181114083215118173', '123.183.134.169', '1', '1542155535', '1542155535', '0', '0', '0', '0', '20586', '0', '600', '0', '0', 'delivery', '', '', '{\"id\":65,\"uid\":1,\"update_time\":1541675477,\"name\":\"\\u5927\\u8499\",\"phone\":\"18618380435\",\"province\":110000,\"city\":110100,\"district\":110101,\"address\":\"\\u9752\\u5e74\\u6c9f\\u8def\\u5b89\\u6e90\\u5927\\u53a6411\\u5ba4xxx\",\"create_time\":1540882249}', '', '\"{\\\"remark\\\":\\\"\\\",\\\"invoice_title\\\":\\\"\\\"}\"', '[{\"sku_id\":\"21;\\u989c\\u8272:\\u85cf\\u84dd;\\u5c3a\\u7801:S\",\"quantity\":1,\"paid_price\":19986,\"title\":\"\\u5996\\u7cbe\\u7684\\u53e3\\u888b\\u5c11\\u5e74\\u4e0d\\u77e5\\u6101\\u79cb\\u88c5\\u65b0\\u6b3e\\u590d\\u53e4\\u5bbd\\u677e\\u6536\\u8170\\u9886\\u5e26\\u8fde\\u8863\\u88d9\\u5973\",\"main_img\":84}]', '2');
INSERT INTO `muucmf_muushop_order` VALUES ('297', '20181114095607182636', '123.183.134.169', '1', '1542160567', '1542160567', '0', '0', '0', '0', '32200', '0', '600', '0', '0', 'delivery', '', '', '{\"id\":65,\"uid\":1,\"update_time\":1541675477,\"name\":\"\\u5927\\u8499\",\"phone\":\"18618380435\",\"province\":110000,\"city\":110100,\"district\":110101,\"address\":\"\\u9752\\u5e74\\u6c9f\\u8def\\u5b89\\u6e90\\u5927\\u53a6411\\u5ba4xxx\",\"create_time\":1540882249}', '', '\"{\\\"remark\\\":\\\"\\\",\\\"invoice_title\\\":\\\"\\\"}\"', '[{\"sku_id\":\"20;\\u5c3a\\u7801:M\",\"quantity\":1,\"paid_price\":31600,\"title\":\"\\u5996\\u7cbe\\u7684\\u53e3\\u888b\\u4e1b\\u6797&\\u8349\\u539f\\u51ac\\u88c5\\u65b0\\u6b3e\\u590d\\u53e4\\u62fc\\u63a5\\u9e82\\u76ae\\u7ed2\\u77ed\\u6b3e\\u6bdb\\u5462\\u5916\\u5957\\u5973\",\"main_img\":76}]', '2');
INSERT INTO `muucmf_muushop_order` VALUES ('298', '20181114101154450101', '123.183.134.169', '1', '1542161514', '1542161514', '0', '0', '0', '0', '32200', '0', '600', '0', '0', 'delivery', '', '', '{\"id\":65,\"uid\":1,\"update_time\":1541675477,\"name\":\"\\u5927\\u8499\",\"phone\":\"18618380435\",\"province\":110000,\"city\":110100,\"district\":110101,\"address\":\"\\u9752\\u5e74\\u6c9f\\u8def\\u5b89\\u6e90\\u5927\\u53a6411\\u5ba4xxx\",\"create_time\":1540882249}', '', '\"{\\\"remark\\\":\\\"\\\",\\\"invoice_title\\\":\\\"\\\"}\"', '[{\"sku_id\":\"20;\\u5c3a\\u7801:XL\",\"quantity\":1,\"paid_price\":31600,\"title\":\"\\u5996\\u7cbe\\u7684\\u53e3\\u888b\\u4e1b\\u6797&\\u8349\\u539f\\u51ac\\u88c5\\u65b0\\u6b3e\\u590d\\u53e4\\u62fc\\u63a5\\u9e82\\u76ae\\u7ed2\\u77ed\\u6b3e\\u6bdb\\u5462\\u5916\\u5957\\u5973\",\"main_img\":76}]', '2');
INSERT INTO `muucmf_muushop_order` VALUES ('299', '20181114103213599049', '123.183.134.169', '1', '1542162733', '1542162733', '0', '0', '0', '0', '42500', '0', '600', '0', '10', 'delivery', '', '', '{\"id\":65,\"uid\":1,\"update_time\":1541675477,\"name\":\"\\u5927\\u8499\",\"phone\":\"18618380435\",\"province\":110000,\"city\":110100,\"district\":110101,\"address\":\"\\u9752\\u5e74\\u6c9f\\u8def\\u5b89\\u6e90\\u5927\\u53a6411\\u5ba4xxx\",\"create_time\":1540882249}', '', '\"{\\\"remark\\\":\\\"\\\",\\\"invoice_title\\\":\\\"\\\"}\"', '[{\"sku_id\":\"17\",\"quantity\":1,\"paid_price\":41900,\"title\":\"\\u88c2\\u5e1b\\u5973\\u88c52018\\u79cb\\u65b0\\u6b3e\\u9ad8\\u9886\\u523a\\u7ee3\\u957f\\u8896\\u5bbd\\u677e\\u6b3e\\u6bdb\\u8863\\u5973\",\"main_img\":48}]', '2');
INSERT INTO `muucmf_muushop_order` VALUES ('300', '20181116162654618984', '123.183.134.169', '1', '1542356814', '1542356814', '0', '0', '0', '0', '19500', '0', '600', '0', '5', 'delivery', '', '', '{\"id\":65,\"uid\":1,\"update_time\":1541675477,\"name\":\"\\u5927\\u8499\",\"phone\":\"18618380435\",\"province\":110000,\"city\":110100,\"district\":110101,\"address\":\"\\u9752\\u5e74\\u6c9f\\u8def\\u5b89\\u6e90\\u5927\\u53a6411\\u5ba4xxx\",\"create_time\":1540882249}', '', '\"{\\\"remark\\\":\\\"\\\",\\\"invoice_title\\\":\\\"\\\"}\"', '[{\"sku_id\":\"22;\\u989c\\u8272:\\u9ed1\\u8272;\\u5c3a\\u7801:S\",\"quantity\":1,\"paid_price\":18900,\"title\":\"\\u7f8e\\u7279\\u65af\\u90a6\\u5a01\\u8fde\\u8863\\u88d9\\u5973\\u58eb\\u79cb\\u51ac\\u88c5\\u4e2d\\u957f\\u6b3e\\u4fee\\u8eab\\u5305\\u81c0\\u9488\\u7ec7\\u88d9\\u5b50\\u523a\\u7ee3\\u97e9\\u7248\\u6f6e\",\"main_img\":92}]', '2');
INSERT INTO `muucmf_muushop_order` VALUES ('301', '20181117160247257330', '123.183.134.169', '1', '1542441767', '1542441767', '0', '0', '0', '0', '13500', '0', '600', '0', '10', 'delivery', '', '', '{\"id\":65,\"uid\":1,\"update_time\":1541675477,\"name\":\"\\u5927\\u8499\",\"phone\":\"18618380435\",\"province\":110000,\"city\":110100,\"district\":110101,\"address\":\"\\u9752\\u5e74\\u6c9f\\u8def\\u5b89\\u6e90\\u5927\\u53a6411\\u5ba4xxx\",\"create_time\":1540882249}', '', '\"{\\\"remark\\\":\\\"\\\",\\\"invoice_title\\\":\\\"\\\"}\"', '[{\"sku_id\":\"16;\\u5c3a\\u7801:L;\\u6f14\\u793a:\\u6d45\\u7070\",\"quantity\":1,\"paid_price\":12900,\"title\":\"\\u68ee\\u9a6cT\\u6064\\u59732018\\u6625\\u5b63\\u65b0\\u6b3e\\u663e\\u7626\\u4e03\\u5206\\u8896\\u6f6e\\u6d41\\u5b57\\u6bcd\\u523a\\u7ee3\\u5706\\u9886\\u5957\\u5934\\u6f6e\\u6d41\",\"main_img\":41}]', '2');
INSERT INTO `muucmf_muushop_order` VALUES ('302', '20181118133238332852', '123.183.134.169', '1', '1542519158', '1542519158', '0', '0', '0', '0', '33786', '0', '900', '0', '10', 'onlinepay', '', '', '{\"id\":65,\"uid\":1,\"update_time\":1541675477,\"name\":\"\\u5927\\u8499\",\"phone\":\"18618380435\",\"province\":110000,\"city\":110100,\"district\":110101,\"address\":\"\\u9752\\u5e74\\u6c9f\\u8def\\u5b89\\u6e90\\u5927\\u53a6411\\u5ba4xxx\",\"create_time\":1540882249}', '', '\"{\\\"remark\\\":\\\"\\\",\\\"invoice_title\\\":\\\"\\\"}\"', '[{\"sku_id\":\"16;\\u5c3a\\u7801:L;\\u6f14\\u793a:\\u6d45\\u7070\",\"quantity\":1,\"paid_price\":12900,\"title\":\"\\u68ee\\u9a6cT\\u6064\\u59732018\\u6625\\u5b63\\u65b0\\u6b3e\\u663e\\u7626\\u4e03\\u5206\\u8896\\u6f6e\\u6d41\\u5b57\\u6bcd\\u523a\\u7ee3\\u5706\\u9886\\u5957\\u5934\\u6f6e\\u6d41\",\"main_img\":41},{\"sku_id\":\"21;\\u989c\\u8272:\\u85cf\\u84dd;\\u5c3a\\u7801:M\",\"quantity\":1,\"paid_price\":19986,\"title\":\"\\u5996\\u7cbe\\u7684\\u53e3\\u888b\\u5c11\\u5e74\\u4e0d\\u77e5\\u6101\\u79cb\\u88c5\\u65b0\\u6b3e\\u590d\\u53e4\\u5bbd\\u677e\\u6536\\u8170\\u9886\\u5e26\\u8fde\\u8863\\u88d9\\u5973\",\"main_img\":84}]', '1');
INSERT INTO `muucmf_muushop_order` VALUES ('303', '20181118133309902049', '123.183.134.169', '1', '1542519189', '1542519189', '0', '0', '0', '0', '600', '0', '600', '0', '0', 'delivery', '', '', '{\"id\":65,\"uid\":1,\"update_time\":1541675477,\"name\":\"\\u5927\\u8499\",\"phone\":\"18618380435\",\"province\":110000,\"city\":110100,\"district\":110101,\"address\":\"\\u9752\\u5e74\\u6c9f\\u8def\\u5b89\\u6e90\\u5927\\u53a6411\\u5ba4xxx\",\"create_time\":1540882249}', '', '\"{\\\"remark\\\":\\\"\\\",\\\"invoice_title\\\":\\\"\\\"}\"', '[]', '2');
INSERT INTO `muucmf_muushop_order` VALUES ('304', '20181118133441693988', '123.183.134.169', '1', '1542519281', '1542519281', '0', '0', '0', '0', '20586', '0', '600', '0', '0', 'onlinepay', '', '', '{\"id\":65,\"uid\":1,\"update_time\":1541675477,\"name\":\"\\u5927\\u8499\",\"phone\":\"18618380435\",\"province\":110000,\"city\":110100,\"district\":110101,\"address\":\"\\u9752\\u5e74\\u6c9f\\u8def\\u5b89\\u6e90\\u5927\\u53a6411\\u5ba4xxx\",\"create_time\":1540882249}', '', '\"{\\\"remark\\\":\\\"\\\",\\\"invoice_title\\\":\\\"\\\"}\"', '[{\"sku_id\":\"21;\\u989c\\u8272:\\u85cf\\u84dd;\\u5c3a\\u7801:S\",\"quantity\":1,\"paid_price\":19986,\"title\":\"\\u5996\\u7cbe\\u7684\\u53e3\\u888b\\u5c11\\u5e74\\u4e0d\\u77e5\\u6101\\u79cb\\u88c5\\u65b0\\u6b3e\\u590d\\u53e4\\u5bbd\\u677e\\u6536\\u8170\\u9886\\u5e26\\u8fde\\u8863\\u88d9\\u5973\",\"main_img\":84}]', '1');
INSERT INTO `muucmf_muushop_order` VALUES ('305', '20181118134255749532', '123.183.134.169', '1', '1542519775', '1542519775', '0', '0', '0', '0', '13500', '0', '600', '0', '10', 'delivery', '', '', '{\"id\":65,\"uid\":1,\"update_time\":1541675477,\"name\":\"\\u5927\\u8499\",\"phone\":\"18618380435\",\"province\":110000,\"city\":110100,\"district\":110101,\"address\":\"\\u9752\\u5e74\\u6c9f\\u8def\\u5b89\\u6e90\\u5927\\u53a6411\\u5ba4xxx\",\"create_time\":1540882249}', '', '\"{\\\"remark\\\":\\\"\\\",\\\"invoice_title\\\":\\\"\\\"}\"', '[{\"sku_id\":\"16;\\u5c3a\\u7801:S;\\u6f14\\u793a:\\u6df1\\u7070\",\"quantity\":1,\"paid_price\":12900,\"title\":\"\\u68ee\\u9a6cT\\u6064\\u59732018\\u6625\\u5b63\\u65b0\\u6b3e\\u663e\\u7626\\u4e03\\u5206\\u8896\\u6f6e\\u6d41\\u5b57\\u6bcd\\u523a\\u7ee3\\u5706\\u9886\\u5957\\u5934\\u6f6e\\u6d41\",\"main_img\":41}]', '2');
INSERT INTO `muucmf_muushop_order` VALUES ('306', '20181118134630198597', '123.183.134.169', '1', '1542519990', '1542519990', '0', '0', '0', '0', '600', '0', '600', '0', '0', 'onlinepay', '', '', '{\"id\":65,\"uid\":1,\"update_time\":1541675477,\"name\":\"\\u5927\\u8499\",\"phone\":\"18618380435\",\"province\":110000,\"city\":110100,\"district\":110101,\"address\":\"\\u9752\\u5e74\\u6c9f\\u8def\\u5b89\\u6e90\\u5927\\u53a6411\\u5ba4xxx\",\"create_time\":1540882249}', '', '\"{\\\"remark\\\":\\\"\\\",\\\"invoice_title\\\":\\\"\\\"}\"', '[]', '1');
INSERT INTO `muucmf_muushop_order` VALUES ('307', '20181118134647229698', '123.183.134.169', '1', '1542520007', '1542520007', '0', '0', '0', '0', '20586', '0', '600', '0', '0', 'delivery', '', '', '{\"id\":65,\"uid\":1,\"update_time\":1541675477,\"name\":\"\\u5927\\u8499\",\"phone\":\"18618380435\",\"province\":110000,\"city\":110100,\"district\":110101,\"address\":\"\\u9752\\u5e74\\u6c9f\\u8def\\u5b89\\u6e90\\u5927\\u53a6411\\u5ba4xxx\",\"create_time\":1540882249}', '', '\"{\\\"remark\\\":\\\"\\\",\\\"invoice_title\\\":\\\"\\\"}\"', '[{\"sku_id\":\"21;\\u989c\\u8272:\\u85cf\\u84dd;\\u5c3a\\u7801:S\",\"quantity\":1,\"paid_price\":19986,\"title\":\"\\u5996\\u7cbe\\u7684\\u53e3\\u888b\\u5c11\\u5e74\\u4e0d\\u77e5\\u6101\\u79cb\\u88c5\\u65b0\\u6b3e\\u590d\\u53e4\\u5bbd\\u677e\\u6536\\u8170\\u9886\\u5e26\\u8fde\\u8863\\u88d9\\u5973\",\"main_img\":84}]', '2');
INSERT INTO `muucmf_muushop_order` VALUES ('308', '20181118145331568618', '123.183.134.169', '1', '1542524011', '1542524011', '0', '0', '0', '0', '20586', '0', '600', '0', '0', 'onlinepay', '', '', '{\"id\":65,\"uid\":1,\"update_time\":1541675477,\"name\":\"\\u5927\\u8499\",\"phone\":\"18618380435\",\"province\":110000,\"city\":110100,\"district\":110101,\"address\":\"\\u9752\\u5e74\\u6c9f\\u8def\\u5b89\\u6e90\\u5927\\u53a6411\\u5ba4xxx\",\"create_time\":1540882249}', '', '\"{\\\"remark\\\":\\\"\\\",\\\"invoice_title\\\":\\\"\\\"}\"', '[{\"sku_id\":\"21;\\u989c\\u8272:\\u85cf\\u84dd;\\u5c3a\\u7801:S\",\"quantity\":1,\"paid_price\":19986,\"title\":\"\\u5996\\u7cbe\\u7684\\u53e3\\u888b\\u5c11\\u5e74\\u4e0d\\u77e5\\u6101\\u79cb\\u88c5\\u65b0\\u6b3e\\u590d\\u53e4\\u5bbd\\u677e\\u6536\\u8170\\u9886\\u5e26\\u8fde\\u8863\\u88d9\\u5973\",\"main_img\":84}]', '1');
INSERT INTO `muucmf_muushop_order` VALUES ('309', '20181118145351215063', '123.183.134.169', '1', '1542524031', '1542533233', '0', '0', '0', '0', '600', '0', '600', '0', '0', 'onlinepay', '', '', '{\"id\":65,\"uid\":1,\"update_time\":1541675477,\"name\":\"\\u5927\\u8499\",\"phone\":\"18618380435\",\"province\":110000,\"city\":110100,\"district\":110101,\"address\":\"\\u9752\\u5e74\\u6c9f\\u8def\\u5b89\\u6e90\\u5927\\u53a6411\\u5ba4xxx\",\"create_time\":1540882249}', '', '\"{\\\"remark\\\":\\\"\\\",\\\"invoice_title\\\":\\\"\\\"}\"', '[]', '10');
INSERT INTO `muucmf_muushop_order` VALUES ('310', '20181118151208261327', '123.183.134.169', '1', '1542525128', '1542531280', '0', '0', '0', '0', '600', '0', '600', '0', '0', 'onlinepay', '', '', '{\"id\":65,\"uid\":1,\"update_time\":1541675477,\"name\":\"\\u5927\\u8499\",\"phone\":\"18618380435\",\"province\":110000,\"city\":110100,\"district\":110101,\"address\":\"\\u9752\\u5e74\\u6c9f\\u8def\\u5b89\\u6e90\\u5927\\u53a6411\\u5ba4xxx\",\"create_time\":1540882249}', '', '\"{\\\"remark\\\":\\\"\\\",\\\"invoice_title\\\":\\\"\\\"}\"', '[]', '10');
INSERT INTO `muucmf_muushop_order` VALUES ('311', '20181118162210203415', '123.183.134.169', '1', '1542529330', '1542529330', '0', '0', '0', '0', '20586', '0', '600', '0', '0', 'onlinepay', '', '', '{\"id\":65,\"uid\":1,\"update_time\":1541675477,\"name\":\"\\u5927\\u8499\",\"phone\":\"18618380435\",\"province\":110000,\"city\":110100,\"district\":110101,\"address\":\"\\u9752\\u5e74\\u6c9f\\u8def\\u5b89\\u6e90\\u5927\\u53a6411\\u5ba4xxx\",\"create_time\":1540882249}', '', '\"{\\\"remark\\\":\\\"\\\",\\\"invoice_title\\\":\\\"\\\"}\"', '[{\"sku_id\":\"21;\\u989c\\u8272:\\u85cf\\u84dd;\\u5c3a\\u7801:S\",\"quantity\":1,\"paid_price\":19986,\"title\":\"\\u5996\\u7cbe\\u7684\\u53e3\\u888b\\u5c11\\u5e74\\u4e0d\\u77e5\\u6101\\u79cb\\u88c5\\u65b0\\u6b3e\\u590d\\u53e4\\u5bbd\\u677e\\u6536\\u8170\\u9886\\u5e26\\u8fde\\u8863\\u88d9\\u5973\",\"main_img\":84}]', '1');
INSERT INTO `muucmf_muushop_order` VALUES ('312', '20181118191105522138', '123.183.134.169', '1', '1542539465', '1542539465', '0', '0', '0', '0', '40872', '0', '900', '0', '0', 'onlinepay', '', '', '{\"id\":65,\"uid\":1,\"update_time\":1541675477,\"name\":\"\\u5927\\u8499\",\"phone\":\"18618380435\",\"province\":110000,\"city\":110100,\"district\":110101,\"address\":\"\\u9752\\u5e74\\u6c9f\\u8def\\u5b89\\u6e90\\u5927\\u53a6411\\u5ba4xxx\",\"create_time\":1540882249}', '', '\"{\\\"remark\\\":\\\"\\\",\\\"invoice_title\\\":\\\"\\\"}\"', '[{\"sku_id\":\"21;\\u989c\\u8272:\\u7c89\\u5ae9;\\u5c3a\\u7801:M\",\"quantity\":1,\"paid_price\":19986,\"title\":\"\\u5996\\u7cbe\\u7684\\u53e3\\u888b\\u5c11\\u5e74\\u4e0d\\u77e5\\u6101\\u79cb\\u88c5\\u65b0\\u6b3e\\u590d\\u53e4\\u5bbd\\u677e\\u6536\\u8170\\u9886\\u5e26\\u8fde\\u8863\\u88d9\\u5973\",\"main_img\":84},{\"sku_id\":\"21;\\u989c\\u8272:\\u85cf\\u84dd;\\u5c3a\\u7801:S\",\"quantity\":1,\"paid_price\":19986,\"title\":\"\\u5996\\u7cbe\\u7684\\u53e3\\u888b\\u5c11\\u5e74\\u4e0d\\u77e5\\u6101\\u79cb\\u88c5\\u65b0\\u6b3e\\u590d\\u53e4\\u5bbd\\u677e\\u6536\\u8170\\u9886\\u5e26\\u8fde\\u8863\\u88d9\\u5973\",\"main_img\":84}]', '1');
INSERT INTO `muucmf_muushop_order` VALUES ('313', '20181118192717611795', '123.183.134.169', '1', '1542540437', '1542540437', '0', '0', '0', '0', '32200', '0', '600', '0', '0', 'onlinepay', '', '', '{\"id\":65,\"uid\":1,\"update_time\":1541675477,\"name\":\"\\u5927\\u8499\",\"phone\":\"18618380435\",\"province\":110000,\"city\":110100,\"district\":110101,\"address\":\"\\u9752\\u5e74\\u6c9f\\u8def\\u5b89\\u6e90\\u5927\\u53a6411\\u5ba4xxx\",\"create_time\":1540882249}', '', '\"{\\\"remark\\\":\\\"\\\",\\\"invoice_title\\\":\\\"\\\"}\"', '[{\"sku_id\":\"20;\\u5c3a\\u7801:S\",\"quantity\":1,\"paid_price\":31600,\"title\":\"\\u5996\\u7cbe\\u7684\\u53e3\\u888b\\u4e1b\\u6797&\\u8349\\u539f\\u51ac\\u88c5\\u65b0\\u6b3e\\u590d\\u53e4\\u62fc\\u63a5\\u9e82\\u76ae\\u7ed2\\u77ed\\u6b3e\\u6bdb\\u5462\\u5916\\u5957\\u5973\",\"main_img\":76}]', '1');
INSERT INTO `muucmf_muushop_order` VALUES ('314', '20181118192807395825', '123.183.134.169', '1', '1542540487', '1542540487', '0', '0', '0', '0', '32200', '0', '600', '0', '0', 'onlinepay', '', 'alipay_pc_direct', '{\"id\":65,\"uid\":1,\"update_time\":1541675477,\"name\":\"\\u5927\\u8499\",\"phone\":\"18618380435\",\"province\":110000,\"city\":110100,\"district\":110101,\"address\":\"\\u9752\\u5e74\\u6c9f\\u8def\\u5b89\\u6e90\\u5927\\u53a6411\\u5ba4xxx\",\"create_time\":1540882249}', '', '\"{\\\"remark\\\":\\\"\\\",\\\"invoice_title\\\":\\\"\\\"}\"', '[{\"sku_id\":\"20;\\u5c3a\\u7801:S\",\"quantity\":1,\"paid_price\":31600,\"title\":\"\\u5996\\u7cbe\\u7684\\u53e3\\u888b\\u4e1b\\u6797&\\u8349\\u539f\\u51ac\\u88c5\\u65b0\\u6b3e\\u590d\\u53e4\\u62fc\\u63a5\\u9e82\\u76ae\\u7ed2\\u77ed\\u6b3e\\u6bdb\\u5462\\u5916\\u5957\\u5973\",\"main_img\":76}]', '1');
INSERT INTO `muucmf_muushop_order` VALUES ('315', '20181118203749858599', '123.183.134.169', '1', '1542544669', '1542544669', '0', '0', '0', '0', '19500', '0', '600', '0', '5', 'onlinepay', '', 'alipay_pc_direct', '{\"id\":65,\"uid\":1,\"update_time\":1541675477,\"name\":\"\\u5927\\u8499\",\"phone\":\"18618380435\",\"province\":110000,\"city\":110100,\"district\":110101,\"address\":\"\\u9752\\u5e74\\u6c9f\\u8def\\u5b89\\u6e90\\u5927\\u53a6411\\u5ba4xxx\",\"create_time\":1540882249}', '', '\"{\\\"remark\\\":\\\"\\\",\\\"invoice_title\\\":\\\"\\\"}\"', '[{\"sku_id\":\"22;\\u989c\\u8272:\\u9ed1\\u8272;\\u5c3a\\u7801:S\",\"quantity\":1,\"paid_price\":18900,\"title\":\"\\u7f8e\\u7279\\u65af\\u90a6\\u5a01\\u8fde\\u8863\\u88d9\\u5973\\u58eb\\u79cb\\u51ac\\u88c5\\u4e2d\\u957f\\u6b3e\\u4fee\\u8eab\\u5305\\u81c0\\u9488\\u7ec7\\u88d9\\u5b50\\u523a\\u7ee3\\u97e9\\u7248\\u6f6e\",\"main_img\":92}]', '1');
INSERT INTO `muucmf_muushop_order` VALUES ('316', '20181118210947168633', '123.183.134.169', '1', '1542546587', '1542546587', '0', '0', '0', '0', '13500', '0', '600', '0', '10', 'onlinepay', '', 'alipay_pc_direct', '{\"id\":65,\"uid\":1,\"update_time\":1541675477,\"name\":\"\\u5927\\u8499\",\"phone\":\"18618380435\",\"province\":110000,\"city\":110100,\"district\":110101,\"address\":\"\\u9752\\u5e74\\u6c9f\\u8def\\u5b89\\u6e90\\u5927\\u53a6411\\u5ba4xxx\",\"create_time\":1540882249}', '', '\"{\\\"remark\\\":\\\"\\\",\\\"invoice_title\\\":\\\"\\\"}\"', '[{\"sku_id\":\"16;\\u5c3a\\u7801:S;\\u6f14\\u793a:\\u6d45\\u7070\",\"quantity\":1,\"paid_price\":12900,\"title\":\"\\u68ee\\u9a6cT\\u6064\\u59732018\\u6625\\u5b63\\u65b0\\u6b3e\\u663e\\u7626\\u4e03\\u5206\\u8896\\u6f6e\\u6d41\\u5b57\\u6bcd\\u523a\\u7ee3\\u5706\\u9886\\u5957\\u5934\\u6f6e\\u6d41\",\"main_img\":41}]', '1');
INSERT INTO `muucmf_muushop_order` VALUES ('317', '20181119081950645653', '106.118.125.93', '1', '1542586790', '1542586790', '0', '0', '0', '0', '13500', '0', '600', '0', '10', 'onlinepay', '', 'alipay_pc_direct', '{\"id\":65,\"uid\":1,\"update_time\":1541675477,\"name\":\"\\u5927\\u8499\",\"phone\":\"18618380435\",\"province\":110000,\"city\":110100,\"district\":110101,\"address\":\"\\u9752\\u5e74\\u6c9f\\u8def\\u5b89\\u6e90\\u5927\\u53a6411\\u5ba4xxx\",\"create_time\":1540882249}', '', '\"{\\\"remark\\\":\\\"\\\",\\\"invoice_title\\\":\\\"\\\"}\"', '[{\"sku_id\":\"16;\\u5c3a\\u7801:S;\\u6f14\\u793a:\\u6df1\\u7070\",\"quantity\":1,\"paid_price\":12900,\"title\":\"\\u68ee\\u9a6cT\\u6064\\u59732018\\u6625\\u5b63\\u65b0\\u6b3e\\u663e\\u7626\\u4e03\\u5206\\u8896\\u6f6e\\u6d41\\u5b57\\u6bcd\\u523a\\u7ee3\\u5706\\u9886\\u5957\\u5934\\u6f6e\\u6d41\",\"main_img\":41}]', '1');
INSERT INTO `muucmf_muushop_order` VALUES ('318', '20181119093427510799', '106.118.125.93', '1', '1542591267', '1542591267', '0', '0', '0', '0', '13500', '0', '600', '0', '10', 'onlinepay', '', 'alipay_pc_direct', '{\"id\":65,\"uid\":1,\"update_time\":1541675477,\"name\":\"\\u5927\\u8499\",\"phone\":\"18618380435\",\"province\":110000,\"city\":110100,\"district\":110101,\"address\":\"\\u9752\\u5e74\\u6c9f\\u8def\\u5b89\\u6e90\\u5927\\u53a6411\\u5ba4xxx\",\"create_time\":1540882249}', '', '\"{\\\"remark\\\":\\\"\\\",\\\"invoice_title\\\":\\\"\\\"}\"', '[{\"sku_id\":\"16;\\u5c3a\\u7801:S;\\u6f14\\u793a:\\u6df1\\u7070\",\"quantity\":1,\"paid_price\":12900,\"title\":\"\\u68ee\\u9a6cT\\u6064\\u59732018\\u6625\\u5b63\\u65b0\\u6b3e\\u663e\\u7626\\u4e03\\u5206\\u8896\\u6f6e\\u6d41\\u5b57\\u6bcd\\u523a\\u7ee3\\u5706\\u9886\\u5957\\u5934\\u6f6e\\u6d41\",\"main_img\":41}]', '1');
INSERT INTO `muucmf_muushop_order` VALUES ('319', '20181119094509587885', '106.118.125.93', '1', '1542591909', '1542591909', '0', '0', '0', '0', '13500', '0', '600', '0', '5', 'onlinepay', '', 'alipay_pc_direct', '{\"id\":65,\"uid\":1,\"update_time\":1541675477,\"name\":\"\\u5927\\u8499\",\"phone\":\"18618380435\",\"province\":110000,\"city\":110100,\"district\":110101,\"address\":\"\\u9752\\u5e74\\u6c9f\\u8def\\u5b89\\u6e90\\u5927\\u53a6411\\u5ba4xxx\",\"create_time\":1540882249}', '', '\"{\\\"remark\\\":\\\"\\\",\\\"invoice_title\\\":\\\"\\\"}\"', '[{\"sku_id\":\"15\",\"quantity\":1,\"paid_price\":12900,\"title\":\"\\u7199\\u4e16\\u754c2018\\u79cb\\u5b63\\u65b0\\u6b3eV\\u9886\\u4e0a\\u8863\\u5973\\u4e03\\u5206\\u8896T\\u6064ins\\u8d85\\u706b\\u4e0a\\u8863\\u5973\",\"main_img\":22}]', '1');
INSERT INTO `muucmf_muushop_order` VALUES ('320', '20181119094745960855', '106.118.125.93', '1', '1542592065', '1542592065', '0', '0', '0', '0', '13500', '0', '600', '0', '10', 'onlinepay', '', 'alipay_pc_direct', '{\"id\":65,\"uid\":1,\"update_time\":1541675477,\"name\":\"\\u5927\\u8499\",\"phone\":\"18618380435\",\"province\":110000,\"city\":110100,\"district\":110101,\"address\":\"\\u9752\\u5e74\\u6c9f\\u8def\\u5b89\\u6e90\\u5927\\u53a6411\\u5ba4xxx\",\"create_time\":1540882249}', '', '\"{\\\"remark\\\":\\\"\\\",\\\"invoice_title\\\":\\\"\\\"}\"', '[{\"sku_id\":\"16;\\u5c3a\\u7801:S;\\u6f14\\u793a:\\u6df1\\u7070\",\"quantity\":1,\"paid_price\":12900,\"title\":\"\\u68ee\\u9a6cT\\u6064\\u59732018\\u6625\\u5b63\\u65b0\\u6b3e\\u663e\\u7626\\u4e03\\u5206\\u8896\\u6f6e\\u6d41\\u5b57\\u6bcd\\u523a\\u7ee3\\u5706\\u9886\\u5957\\u5934\\u6f6e\\u6d41\",\"main_img\":41}]', '1');
INSERT INTO `muucmf_muushop_order` VALUES ('321', '20181119095037527275', '106.118.125.93', '1', '1542592237', '1542592237', '0', '0', '0', '0', '13500', '0', '600', '0', '10', 'onlinepay', '', 'alipay_pc_direct', '{\"id\":65,\"uid\":1,\"update_time\":1541675477,\"name\":\"\\u5927\\u8499\",\"phone\":\"18618380435\",\"province\":110000,\"city\":110100,\"district\":110101,\"address\":\"\\u9752\\u5e74\\u6c9f\\u8def\\u5b89\\u6e90\\u5927\\u53a6411\\u5ba4xxx\",\"create_time\":1540882249}', '', '\"{\\\"remark\\\":\\\"\\\",\\\"invoice_title\\\":\\\"\\\"}\"', '[{\"sku_id\":\"16;\\u5c3a\\u7801:S;\\u6f14\\u793a:\\u6df1\\u7070\",\"quantity\":1,\"paid_price\":12900,\"title\":\"\\u68ee\\u9a6cT\\u6064\\u59732018\\u6625\\u5b63\\u65b0\\u6b3e\\u663e\\u7626\\u4e03\\u5206\\u8896\\u6f6e\\u6d41\\u5b57\\u6bcd\\u523a\\u7ee3\\u5706\\u9886\\u5957\\u5934\\u6f6e\\u6d41\",\"main_img\":41}]', '1');
INSERT INTO `muucmf_muushop_order` VALUES ('322', '20181119100411654667', '106.118.125.93', '1', '1542593051', '1542593051', '0', '0', '0', '0', '13500', '0', '600', '0', '10', 'onlinepay', '', 'alipay_pc_direct', '{\"id\":65,\"uid\":1,\"update_time\":1541675477,\"name\":\"\\u5927\\u8499\",\"phone\":\"18618380435\",\"province\":110000,\"city\":110100,\"district\":110101,\"address\":\"\\u9752\\u5e74\\u6c9f\\u8def\\u5b89\\u6e90\\u5927\\u53a6411\\u5ba4xxx\",\"create_time\":1540882249}', '', '\"{\\\"remark\\\":\\\"\\\",\\\"invoice_title\\\":\\\"\\\"}\"', '[{\"sku_id\":\"16;\\u5c3a\\u7801:S;\\u6f14\\u793a:\\u6df1\\u7070\",\"quantity\":1,\"paid_price\":12900,\"title\":\"\\u68ee\\u9a6cT\\u6064\\u59732018\\u6625\\u5b63\\u65b0\\u6b3e\\u663e\\u7626\\u4e03\\u5206\\u8896\\u6f6e\\u6d41\\u5b57\\u6bcd\\u523a\\u7ee3\\u5706\\u9886\\u5957\\u5934\\u6f6e\\u6d41\",\"main_img\":41}]', '1');
INSERT INTO `muucmf_muushop_order` VALUES ('323', '20181119102652671172', '106.118.125.93', '1', '1542594412', '1542594412', '0', '0', '0', '0', '13500', '0', '600', '0', '10', 'onlinepay', '', 'alipay_pc_direct', '{\"id\":65,\"uid\":1,\"update_time\":1541675477,\"name\":\"\\u5927\\u8499\",\"phone\":\"18618380435\",\"province\":110000,\"city\":110100,\"district\":110101,\"address\":\"\\u9752\\u5e74\\u6c9f\\u8def\\u5b89\\u6e90\\u5927\\u53a6411\\u5ba4xxx\",\"create_time\":1540882249}', '', '\"{\\\"remark\\\":\\\"\\\",\\\"invoice_title\\\":\\\"\\\"}\"', '[{\"sku_id\":\"16;\\u5c3a\\u7801:S;\\u6f14\\u793a:\\u6df1\\u7070\",\"quantity\":1,\"paid_price\":12900,\"title\":\"\\u68ee\\u9a6cT\\u6064\\u59732018\\u6625\\u5b63\\u65b0\\u6b3e\\u663e\\u7626\\u4e03\\u5206\\u8896\\u6f6e\\u6d41\\u5b57\\u6bcd\\u523a\\u7ee3\\u5706\\u9886\\u5957\\u5934\\u6f6e\\u6d41\",\"main_img\":41}]', '1');
INSERT INTO `muucmf_muushop_order` VALUES ('324', '20181119103625250695', '106.118.125.93', '1', '1542594985', '1542594985', '0', '0', '0', '0', '10500', '0', '600', '0', '10', 'onlinepay', '', 'alipay_pc_direct', '{\"id\":65,\"uid\":1,\"update_time\":1541675477,\"name\":\"\\u5927\\u8499\",\"phone\":\"18618380435\",\"province\":110000,\"city\":110100,\"district\":110101,\"address\":\"\\u9752\\u5e74\\u6c9f\\u8def\\u5b89\\u6e90\\u5927\\u53a6411\\u5ba4xxx\",\"create_time\":1540882249}', '', '\"{\\\"remark\\\":\\\"\\\",\\\"invoice_title\\\":\\\"\\\"}\"', '[{\"sku_id\":\"16;\\u5c3a\\u7801:S;\\u6f14\\u793a:\\u6d45\\u7070\",\"quantity\":1,\"paid_price\":9900,\"title\":\"\\u68ee\\u9a6cT\\u6064\\u59732018\\u6625\\u5b63\\u65b0\\u6b3e\\u663e\\u7626\\u4e03\\u5206\\u8896\\u6f6e\\u6d41\\u5b57\\u6bcd\\u523a\\u7ee3\\u5706\\u9886\\u5957\\u5934\\u6f6e\\u6d41\",\"main_img\":41}]', '1');
INSERT INTO `muucmf_muushop_order` VALUES ('325', '20181119104637990732', '106.118.125.93', '1', '1542595597', '1542596434', '0', '0', '0', '0', '10500', '0', '600', '0', '10', 'onlinepay', '', 'alipay_pc_direct', '{\"id\":65,\"uid\":1,\"update_time\":1541675477,\"name\":\"\\u5927\\u8499\",\"phone\":\"18618380435\",\"province\":110000,\"city\":110100,\"district\":110101,\"address\":\"\\u9752\\u5e74\\u6c9f\\u8def\\u5b89\\u6e90\\u5927\\u53a6411\\u5ba4xxx\",\"create_time\":1540882249}', '', '\"{\\\"remark\\\":\\\"\\\",\\\"invoice_title\\\":\\\"\\\"}\"', '[{\"sku_id\":\"16;\\u5c3a\\u7801:S;\\u6f14\\u793a:\\u6d45\\u7070\",\"quantity\":1,\"paid_price\":9900,\"title\":\"\\u68ee\\u9a6cT\\u6064\\u59732018\\u6625\\u5b63\\u65b0\\u6b3e\\u663e\\u7626\\u4e03\\u5206\\u8896\\u6f6e\\u6d41\\u5b57\\u6bcd\\u523a\\u7ee3\\u5706\\u9886\\u5957\\u5934\\u6f6e\\u6d41\",\"main_img\":41}]', '10');
INSERT INTO `muucmf_muushop_order` VALUES ('326', '20181119105411527905', '106.118.125.93', '1', '1542596051', '1542596051', '0', '0', '0', '0', '10500', '0', '600', '0', '10', 'onlinepay', '', 'alipay_pc_direct', '{\"id\":65,\"uid\":1,\"update_time\":1541675477,\"name\":\"\\u5927\\u8499\",\"phone\":\"18618380435\",\"province\":110000,\"city\":110100,\"district\":110101,\"address\":\"\\u9752\\u5e74\\u6c9f\\u8def\\u5b89\\u6e90\\u5927\\u53a6411\\u5ba4xxx\",\"create_time\":1540882249}', '', '\"{\\\"remark\\\":\\\"\\\",\\\"invoice_title\\\":\\\"\\\"}\"', '[{\"sku_id\":\"16;\\u5c3a\\u7801:M;\\u6f14\\u793a:\\u6d45\\u7070\",\"quantity\":1,\"paid_price\":9900,\"title\":\"\\u68ee\\u9a6cT\\u6064\\u59732018\\u6625\\u5b63\\u65b0\\u6b3e\\u663e\\u7626\\u4e03\\u5206\\u8896\\u6f6e\\u6d41\\u5b57\\u6bcd\\u523a\\u7ee3\\u5706\\u9886\\u5957\\u5934\\u6f6e\\u6d41\",\"main_img\":41}]', '1');
INSERT INTO `muucmf_muushop_order` VALUES ('327', '20181119114230257199', '106.118.125.93', '1', '1542598950', '1542598950', '0', '0', '0', '0', '10500', '0', '600', '0', '10', 'onlinepay', '', 'alipay_pc_direct', '{\"id\":65,\"uid\":1,\"update_time\":1541675477,\"name\":\"\\u5927\\u8499\",\"phone\":\"18618380435\",\"province\":110000,\"city\":110100,\"district\":110101,\"address\":\"\\u9752\\u5e74\\u6c9f\\u8def\\u5b89\\u6e90\\u5927\\u53a6411\\u5ba4xxx\",\"create_time\":1540882249}', '', '\"{\\\"remark\\\":\\\"\\\",\\\"invoice_title\\\":\\\"\\\"}\"', '[{\"sku_id\":\"16;\\u5c3a\\u7801:S;\\u6f14\\u793a:\\u6d45\\u7070\",\"quantity\":1,\"paid_price\":9900,\"title\":\"\\u68ee\\u9a6cT\\u6064\\u59732018\\u6625\\u5b63\\u65b0\\u6b3e\\u663e\\u7626\\u4e03\\u5206\\u8896\\u6f6e\\u6d41\\u5b57\\u6bcd\\u523a\\u7ee3\\u5706\\u9886\\u5957\\u5934\\u6f6e\\u6d41\",\"main_img\":41}]', '1');
INSERT INTO `muucmf_muushop_order` VALUES ('328', '20181119115342386023', '106.118.125.93', '1', '1542599622', '1542599622', '0', '0', '0', '0', '42500', '0', '600', '0', '10', 'delivery', '', '', '{\"id\":65,\"uid\":1,\"update_time\":1541675477,\"name\":\"\\u5927\\u8499\",\"phone\":\"18618380435\",\"province\":110000,\"city\":110100,\"district\":110101,\"address\":\"\\u9752\\u5e74\\u6c9f\\u8def\\u5b89\\u6e90\\u5927\\u53a6411\\u5ba4xxx\",\"create_time\":1540882249}', '', '\"{\\\"remark\\\":\\\"\\\",\\\"invoice_title\\\":\\\"\\\"}\"', '[{\"sku_id\":\"17\",\"quantity\":1,\"paid_price\":41900,\"title\":\"\\u88c2\\u5e1b\\u5973\\u88c52018\\u79cb\\u65b0\\u6b3e\\u9ad8\\u9886\\u523a\\u7ee3\\u957f\\u8896\\u5bbd\\u677e\\u6b3e\\u6bdb\\u8863\\u5973\",\"main_img\":48}]', '2');
INSERT INTO `muucmf_muushop_order` VALUES ('329', '20181119115401104023', '106.118.125.93', '1', '1542599641', '1542599641', '0', '0', '0', '0', '10500', '0', '600', '0', '10', 'onlinepay', '', 'alipay_pc_direct', '{\"id\":65,\"uid\":1,\"update_time\":1541675477,\"name\":\"\\u5927\\u8499\",\"phone\":\"18618380435\",\"province\":110000,\"city\":110100,\"district\":110101,\"address\":\"\\u9752\\u5e74\\u6c9f\\u8def\\u5b89\\u6e90\\u5927\\u53a6411\\u5ba4xxx\",\"create_time\":1540882249}', '', '\"{\\\"remark\\\":\\\"\\\",\\\"invoice_title\\\":\\\"\\\"}\"', '[{\"sku_id\":\"16;\\u5c3a\\u7801:S;\\u6f14\\u793a:\\u6d45\\u7070\",\"quantity\":1,\"paid_price\":9900,\"title\":\"\\u68ee\\u9a6cT\\u6064\\u59732018\\u6625\\u5b63\\u65b0\\u6b3e\\u663e\\u7626\\u4e03\\u5206\\u8896\\u6f6e\\u6d41\\u5b57\\u6bcd\\u523a\\u7ee3\\u5706\\u9886\\u5957\\u5934\\u6f6e\\u6d41\",\"main_img\":41}]', '1');
INSERT INTO `muucmf_muushop_order` VALUES ('330', '20181119123848864565', '106.118.125.93', '1', '1542602328', '1542602328', '0', '0', '0', '0', '10500', '0', '600', '0', '10', 'onlinepay', '', 'alipay_pc_direct', '{\"id\":65,\"uid\":1,\"update_time\":1541675477,\"name\":\"\\u5927\\u8499\",\"phone\":\"18618380435\",\"province\":110000,\"city\":110100,\"district\":110101,\"address\":\"\\u9752\\u5e74\\u6c9f\\u8def\\u5b89\\u6e90\\u5927\\u53a6411\\u5ba4xxx\",\"create_time\":1540882249}', '', '\"{\\\"remark\\\":\\\"\\\",\\\"invoice_title\\\":\\\"\\\"}\"', '[{\"sku_id\":\"16;\\u5c3a\\u7801:S;\\u6f14\\u793a:\\u6d45\\u7070\",\"quantity\":1,\"paid_price\":9900,\"title\":\"\\u68ee\\u9a6cT\\u6064\\u59732018\\u6625\\u5b63\\u65b0\\u6b3e\\u663e\\u7626\\u4e03\\u5206\\u8896\\u6f6e\\u6d41\\u5b57\\u6bcd\\u523a\\u7ee3\\u5706\\u9886\\u5957\\u5934\\u6f6e\\u6d41\",\"main_img\":41}]', '1');
INSERT INTO `muucmf_muushop_order` VALUES ('331', '20181119125005831799', '106.118.125.93', '1', '1542603005', '1542603005', '0', '0', '0', '0', '10500', '0', '600', '0', '10', 'onlinepay', '', 'alipay_pc_direct', '{\"id\":65,\"uid\":1,\"update_time\":1541675477,\"name\":\"\\u5927\\u8499\",\"phone\":\"18618380435\",\"province\":110000,\"city\":110100,\"district\":110101,\"address\":\"\\u9752\\u5e74\\u6c9f\\u8def\\u5b89\\u6e90\\u5927\\u53a6411\\u5ba4xxx\",\"create_time\":1540882249}', '', '\"{\\\"remark\\\":\\\"\\\",\\\"invoice_title\\\":\\\"\\\"}\"', '[{\"sku_id\":\"16;\\u5c3a\\u7801:S;\\u6f14\\u793a:\\u6d45\\u7070\",\"quantity\":1,\"paid_price\":9900,\"title\":\"\\u68ee\\u9a6cT\\u6064\\u59732018\\u6625\\u5b63\\u65b0\\u6b3e\\u663e\\u7626\\u4e03\\u5206\\u8896\\u6f6e\\u6d41\\u5b57\\u6bcd\\u523a\\u7ee3\\u5706\\u9886\\u5957\\u5934\\u6f6e\\u6d41\",\"main_img\":41}]', '1');
INSERT INTO `muucmf_muushop_order` VALUES ('332', '20181119130958722310', '106.118.125.93', '1', '1542604198', '1543201752', '0', '0', '0', '0', '1100', '0', '600', '0', '5', 'onlinepay', '', 'alipay_pc_direct', '{\"id\":65,\"uid\":1,\"update_time\":1541675477,\"name\":\"\\u5927\\u8499\",\"phone\":\"18618380435\",\"province\":110000,\"city\":110100,\"district\":110101,\"address\":\"\\u9752\\u5e74\\u6c9f\\u8def\\u5b89\\u6e90\\u5927\\u53a6411\\u5ba4xxx\",\"create_time\":1540882249}', '', '\"{\\\"remark\\\":\\\"\\\",\\\"invoice_title\\\":\\\"\\\"}\"', '[{\"sku_id\":\"15\",\"quantity\":1,\"paid_price\":500,\"title\":\"\\u7199\\u4e16\\u754c2018\\u79cb\\u5b63\\u65b0\\u6b3eV\\u9886\\u4e0a\\u8863\\u5973\\u4e03\\u5206\\u8896T\\u6064ins\\u8d85\\u706b\\u4e0a\\u8863\\u5973\",\"main_img\":22}]', '10');
INSERT INTO `muucmf_muushop_order` VALUES ('333', '20181119132034293413', '106.118.125.93', '1', '1542604834', '1543201745', '0', '0', '0', '0', '1100', '0', '600', '0', '5', 'onlinepay', '', 'alipay_pc_direct', '{\"id\":65,\"uid\":1,\"update_time\":1541675477,\"name\":\"\\u5927\\u8499\",\"phone\":\"18618380435\",\"province\":110000,\"city\":110100,\"district\":110101,\"address\":\"\\u9752\\u5e74\\u6c9f\\u8def\\u5b89\\u6e90\\u5927\\u53a6411\\u5ba4xxx\",\"create_time\":1540882249}', '', '\"{\\\"remark\\\":\\\"\\\",\\\"invoice_title\\\":\\\"\\\"}\"', '[{\"sku_id\":\"15\",\"quantity\":1,\"paid_price\":500,\"title\":\"\\u7199\\u4e16\\u754c2018\\u79cb\\u5b63\\u65b0\\u6b3eV\\u9886\\u4e0a\\u8863\\u5973\\u4e03\\u5206\\u8896T\\u6064ins\\u8d85\\u706b\\u4e0a\\u8863\\u5973\",\"main_img\":22}]', '10');
INSERT INTO `muucmf_muushop_order` VALUES ('334', '20181119132844588166', '106.118.125.93', '1', '1542605324', '1542605324', '0', '0', '0', '0', '1100', '0', '600', '0', '5', 'onlinepay', '', 'alipay_pc_direct', '{\"id\":65,\"uid\":1,\"update_time\":1541675477,\"name\":\"\\u5927\\u8499\",\"phone\":\"18618380435\",\"province\":110000,\"city\":110100,\"district\":110101,\"address\":\"\\u9752\\u5e74\\u6c9f\\u8def\\u5b89\\u6e90\\u5927\\u53a6411\\u5ba4xxx\",\"create_time\":1540882249}', '', '\"{\\\"remark\\\":\\\"\\\",\\\"invoice_title\\\":\\\"\\\"}\"', '[{\"sku_id\":\"15\",\"quantity\":1,\"paid_price\":500,\"title\":\"\\u7199\\u4e16\\u754c2018\\u79cb\\u5b63\\u65b0\\u6b3eV\\u9886\\u4e0a\\u8863\\u5973\\u4e03\\u5206\\u8896T\\u6064ins\\u8d85\\u706b\\u4e0a\\u8863\\u5973\",\"main_img\":22}]', '1');
INSERT INTO `muucmf_muushop_order` VALUES ('335', '20181119134955256390', '106.118.125.93', '1', '1542606595', '1542606595', '0', '0', '0', '0', '1100', '0', '600', '0', '5', 'onlinepay', '', 'alipay_pc_direct', '{\"id\":65,\"uid\":1,\"update_time\":1541675477,\"name\":\"\\u5927\\u8499\",\"phone\":\"18618380435\",\"province\":110000,\"city\":110100,\"district\":110101,\"address\":\"\\u9752\\u5e74\\u6c9f\\u8def\\u5b89\\u6e90\\u5927\\u53a6411\\u5ba4xxx\",\"create_time\":1540882249}', '', '\"{\\\"remark\\\":\\\"\\\",\\\"invoice_title\\\":\\\"\\\"}\"', '[{\"sku_id\":\"15\",\"quantity\":1,\"paid_price\":500,\"title\":\"\\u7199\\u4e16\\u754c2018\\u79cb\\u5b63\\u65b0\\u6b3eV\\u9886\\u4e0a\\u8863\\u5973\\u4e03\\u5206\\u8896T\\u6064ins\\u8d85\\u706b\\u4e0a\\u8863\\u5973\",\"main_img\":22}]', '1');
INSERT INTO `muucmf_muushop_order` VALUES ('336', '20181119140807833456', '106.118.125.93', '1', '1542607687', '1542607687', '0', '0', '0', '0', '1100', '0', '600', '0', '5', 'onlinepay', '', 'alipay_pc_direct', '{\"id\":65,\"uid\":1,\"update_time\":1541675477,\"name\":\"\\u5927\\u8499\",\"phone\":\"18618380435\",\"province\":110000,\"city\":110100,\"district\":110101,\"address\":\"\\u9752\\u5e74\\u6c9f\\u8def\\u5b89\\u6e90\\u5927\\u53a6411\\u5ba4xxx\",\"create_time\":1540882249}', '', '\"{\\\"remark\\\":\\\"\\\",\\\"invoice_title\\\":\\\"\\\"}\"', '[{\"sku_id\":\"15\",\"quantity\":1,\"paid_price\":500,\"title\":\"\\u7199\\u4e16\\u754c2018\\u79cb\\u5b63\\u65b0\\u6b3eV\\u9886\\u4e0a\\u8863\\u5973\\u4e03\\u5206\\u8896T\\u6064ins\\u8d85\\u706b\\u4e0a\\u8863\\u5973\",\"main_img\":22}]', '1');
INSERT INTO `muucmf_muushop_order` VALUES ('337', '20181119152623724134', '106.118.125.93', '1', '1542612383', '1542612383', '0', '0', '0', '0', '1100', '0', '600', '0', '5', 'onlinepay', '', 'alipay_pc_direct', '{\"id\":65,\"uid\":1,\"update_time\":1541675477,\"name\":\"\\u5927\\u8499\",\"phone\":\"18618380435\",\"province\":110000,\"city\":110100,\"district\":110101,\"address\":\"\\u9752\\u5e74\\u6c9f\\u8def\\u5b89\\u6e90\\u5927\\u53a6411\\u5ba4xxx\",\"create_time\":1540882249}', '', '\"{\\\"remark\\\":\\\"\\\",\\\"invoice_title\\\":\\\"\\\"}\"', '[{\"sku_id\":\"15\",\"quantity\":1,\"paid_price\":500,\"title\":\"\\u7199\\u4e16\\u754c2018\\u79cb\\u5b63\\u65b0\\u6b3eV\\u9886\\u4e0a\\u8863\\u5973\\u4e03\\u5206\\u8896T\\u6064ins\\u8d85\\u706b\\u4e0a\\u8863\\u5973\",\"main_img\":22}]', '1');
INSERT INTO `muucmf_muushop_order` VALUES ('338', '20181119160715119671', '106.118.125.93', '1', '1542614835', '1542614835', '0', '0', '0', '0', '10500', '0', '600', '0', '10', 'onlinepay', '', 'alipay_pc_direct', '{\"id\":65,\"uid\":1,\"update_time\":1541675477,\"name\":\"\\u5927\\u8499\",\"phone\":\"18618380435\",\"province\":110000,\"city\":110100,\"district\":110101,\"address\":\"\\u9752\\u5e74\\u6c9f\\u8def\\u5b89\\u6e90\\u5927\\u53a6411\\u5ba4xxx\",\"create_time\":1540882249}', '', '\"{\\\"remark\\\":\\\"\\\",\\\"invoice_title\\\":\\\"\\\"}\"', '[{\"sku_id\":\"16;\\u5c3a\\u7801:M;\\u6f14\\u793a:\\u6d45\\u7070\",\"quantity\":1,\"paid_price\":9900,\"title\":\"\\u68ee\\u9a6cT\\u6064\\u59732018\\u6625\\u5b63\\u65b0\\u6b3e\\u663e\\u7626\\u4e03\\u5206\\u8896\\u6f6e\\u6d41\\u5b57\\u6bcd\\u523a\\u7ee3\\u5706\\u9886\\u5957\\u5934\\u6f6e\\u6d41\",\"main_img\":41}]', '1');
INSERT INTO `muucmf_muushop_order` VALUES ('339', '20181119161819508388', '106.118.125.93', '1', '1542615499', '1542615499', '0', '0', '0', '0', '1100', '0', '600', '0', '5', 'onlinepay', '', 'alipay_pc_direct', '{\"id\":65,\"uid\":1,\"update_time\":1541675477,\"name\":\"\\u5927\\u8499\",\"phone\":\"18618380435\",\"province\":110000,\"city\":110100,\"district\":110101,\"address\":\"\\u9752\\u5e74\\u6c9f\\u8def\\u5b89\\u6e90\\u5927\\u53a6411\\u5ba4xxx\",\"create_time\":1540882249}', '', '\"{\\\"remark\\\":\\\"\\\",\\\"invoice_title\\\":\\\"\\\"}\"', '[{\"sku_id\":\"15\",\"quantity\":1,\"paid_price\":500,\"title\":\"\\u7199\\u4e16\\u754c2018\\u79cb\\u5b63\\u65b0\\u6b3eV\\u9886\\u4e0a\\u8863\\u5973\\u4e03\\u5206\\u8896T\\u6064ins\\u8d85\\u706b\\u4e0a\\u8863\\u5973\",\"main_img\":22}]', '1');
INSERT INTO `muucmf_muushop_order` VALUES ('340', '20181119170639172931', '106.118.125.93', '1', '1542618399', '1542618399', '0', '0', '0', '0', '1100', '0', '600', '0', '5', 'onlinepay', '', 'alipay_pc_direct', '{\"id\":65,\"uid\":1,\"update_time\":1541675477,\"name\":\"\\u5927\\u8499\",\"phone\":\"18618380435\",\"province\":110000,\"city\":110100,\"district\":110101,\"address\":\"\\u9752\\u5e74\\u6c9f\\u8def\\u5b89\\u6e90\\u5927\\u53a6411\\u5ba4xxx\",\"create_time\":1540882249}', '', '\"{\\\"remark\\\":\\\"\\\",\\\"invoice_title\\\":\\\"\\\"}\"', '[{\"sku_id\":\"15\",\"quantity\":1,\"paid_price\":500,\"title\":\"\\u7199\\u4e16\\u754c2018\\u79cb\\u5b63\\u65b0\\u6b3eV\\u9886\\u4e0a\\u8863\\u5973\\u4e03\\u5206\\u8896T\\u6064ins\\u8d85\\u706b\\u4e0a\\u8863\\u5973\",\"main_img\":22}]', '1');
INSERT INTO `muucmf_muushop_order` VALUES ('341', '20181119171309862661', '106.118.125.93', '1', '1542618789', '1542624163', '1542624163', '1', '0', '0', '1100', '0', '600', '0', '5', 'onlinepay', '', 'alipay_pc_direct', '{\"id\":65,\"uid\":1,\"update_time\":1541675477,\"name\":\"\\u5927\\u8499\",\"phone\":\"18618380435\",\"province\":110000,\"city\":110100,\"district\":110101,\"address\":\"\\u9752\\u5e74\\u6c9f\\u8def\\u5b89\\u6e90\\u5927\\u53a6411\\u5ba4xxx\",\"create_time\":1540882249}', '', '\"{\\\"remark\\\":\\\"\\\",\\\"invoice_title\\\":\\\"\\\"}\"', '[{\"sku_id\":\"15\",\"quantity\":1,\"paid_price\":500,\"title\":\"\\u7199\\u4e16\\u754c2018\\u79cb\\u5b63\\u65b0\\u6b3eV\\u9886\\u4e0a\\u8863\\u5973\\u4e03\\u5206\\u8896T\\u6064ins\\u8d85\\u706b\\u4e0a\\u8863\\u5973\",\"main_img\":22}]', '2');
INSERT INTO `muucmf_muushop_order` VALUES ('342', '20181119172349317638', '106.118.125.93', '1', '1542619429', '1542619429', '0', '0', '0', '0', '1100', '0', '600', '0', '5', 'onlinepay', '', 'alipay_pc_direct', '{\"id\":65,\"uid\":1,\"update_time\":1541675477,\"name\":\"\\u5927\\u8499\",\"phone\":\"18618380435\",\"province\":110000,\"city\":110100,\"district\":110101,\"address\":\"\\u9752\\u5e74\\u6c9f\\u8def\\u5b89\\u6e90\\u5927\\u53a6411\\u5ba4xxx\",\"create_time\":1540882249}', '', '\"{\\\"remark\\\":\\\"\\\",\\\"invoice_title\\\":\\\"\\\"}\"', '[{\"sku_id\":\"15\",\"quantity\":1,\"paid_price\":500,\"title\":\"\\u7199\\u4e16\\u754c2018\\u79cb\\u5b63\\u65b0\\u6b3eV\\u9886\\u4e0a\\u8863\\u5973\\u4e03\\u5206\\u8896T\\u6064ins\\u8d85\\u706b\\u4e0a\\u8863\\u5973\",\"main_img\":22}]', '1');
INSERT INTO `muucmf_muushop_order` VALUES ('343', '20181119182936794885', '106.118.125.93', '1', '1542623376', '1542623376', '0', '0', '0', '0', '1100', '0', '600', '0', '5', 'onlinepay', '', 'alipay_pc_direct', '{\"id\":65,\"uid\":1,\"update_time\":1541675477,\"name\":\"\\u5927\\u8499\",\"phone\":\"18618380435\",\"province\":110000,\"city\":110100,\"district\":110101,\"address\":\"\\u9752\\u5e74\\u6c9f\\u8def\\u5b89\\u6e90\\u5927\\u53a6411\\u5ba4xxx\",\"create_time\":1540882249}', '', '\"{\\\"remark\\\":\\\"\\\",\\\"invoice_title\\\":\\\"\\\"}\"', '[{\"sku_id\":\"15\",\"quantity\":1,\"paid_price\":500,\"title\":\"\\u7199\\u4e16\\u754c2018\\u79cb\\u5b63\\u65b0\\u6b3eV\\u9886\\u4e0a\\u8863\\u5973\\u4e03\\u5206\\u8896T\\u6064ins\\u8d85\\u706b\\u4e0a\\u8863\\u5973\",\"main_img\":22}]', '1');
INSERT INTO `muucmf_muushop_order` VALUES ('348', '20181119184343549208', '106.118.125.93', '1', '1542624223', '1542690488', '1542624275', '1', '1542629802', '1542680188', '10500', '0', '600', '0', '10', 'onlinepay', '', 'alipay_pc_direct', '{\"id\":65,\"uid\":1,\"update_time\":1541675477,\"name\":\"\\u5927\\u8499\",\"phone\":\"18618380435\",\"province\":110000,\"city\":110100,\"district\":110101,\"address\":\"\\u9752\\u5e74\\u6c9f\\u8def\\u5b89\\u6e90\\u5927\\u53a6411\\u5ba4xxx\",\"create_time\":1540882249}', '{\"ShipperName\":\"\\u987a\\u98ce\\u5feb\\u9012\",\"ShipperCode\":\"SF\",\"LogisticCode\":\"111111\"}', '\"{\\\"remark\\\":\\\"\\\",\\\"invoice_title\\\":\\\"\\\"}\"', '[{\"sku_id\":\"16;\\u5c3a\\u7801:M;\\u6f14\\u793a:\\u6d45\\u7070\",\"quantity\":1,\"paid_price\":9900,\"title\":\"\\u68ee\\u9a6cT\\u6064\\u59732018\\u6625\\u5b63\\u65b0\\u6b3e\\u663e\\u7626\\u4e03\\u5206\\u8896\\u6f6e\\u6d41\\u5b57\\u6bcd\\u523a\\u7ee3\\u5706\\u9886\\u5957\\u5934\\u6f6e\\u6d41\",\"main_img\":41}]', '12');
INSERT INTO `muucmf_muushop_order` VALUES ('349', '20181119200613933019', '106.118.125.93', '1', '1542629173', '1542629206', '1542629206', '1', '0', '0', '10500', '0', '600', '0', '10', 'onlinepay', '', 'alipay_pc_direct', '{\"id\":65,\"uid\":1,\"update_time\":1541675477,\"name\":\"\\u5927\\u8499\",\"phone\":\"18618380435\",\"province\":110000,\"city\":110100,\"district\":110101,\"address\":\"\\u9752\\u5e74\\u6c9f\\u8def\\u5b89\\u6e90\\u5927\\u53a6411\\u5ba4xxx\",\"create_time\":1540882249}', '', '\"{\\\"remark\\\":\\\"\\\",\\\"invoice_title\\\":\\\"\\\"}\"', '[{\"sku_id\":\"16;\\u5c3a\\u7801:L;\\u6f14\\u793a:\\u6d45\\u7070\",\"quantity\":1,\"paid_price\":9900,\"title\":\"\\u68ee\\u9a6cT\\u6064\\u59732018\\u6625\\u5b63\\u65b0\\u6b3e\\u663e\\u7626\\u4e03\\u5206\\u8896\\u6f6e\\u6d41\\u5b57\\u6bcd\\u523a\\u7ee3\\u5706\\u9886\\u5957\\u5934\\u6f6e\\u6d41\",\"main_img\":41}]', '2');
INSERT INTO `muucmf_muushop_order` VALUES ('350', '20181119201510147001', '106.118.125.93', '1', '1542629710', '1542629753', '1542629753', '1', '0', '0', '10500', '0', '600', '0', '10', 'onlinepay', '', 'alipay_pc_direct', '{\"id\":65,\"uid\":1,\"update_time\":1541675477,\"name\":\"\\u5927\\u8499\",\"phone\":\"18618380435\",\"province\":110000,\"city\":110100,\"district\":110101,\"address\":\"\\u9752\\u5e74\\u6c9f\\u8def\\u5b89\\u6e90\\u5927\\u53a6411\\u5ba4xxx\",\"create_time\":1540882249}', '', '\"{\\\"remark\\\":\\\"\\\",\\\"invoice_title\\\":\\\"\\\"}\"', '[{\"sku_id\":\"16;\\u5c3a\\u7801:M;\\u6f14\\u793a:\\u6d45\\u7070\",\"quantity\":1,\"paid_price\":9900,\"title\":\"\\u68ee\\u9a6cT\\u6064\\u59732018\\u6625\\u5b63\\u65b0\\u6b3e\\u663e\\u7626\\u4e03\\u5206\\u8896\\u6f6e\\u6d41\\u5b57\\u6bcd\\u523a\\u7ee3\\u5706\\u9886\\u5957\\u5934\\u6f6e\\u6d41\",\"main_img\":41}]', '2');
INSERT INTO `muucmf_muushop_order` VALUES ('351', '20181120093226367799', '106.118.125.93', '1', '1542677546', '1542677546', '0', '0', '0', '0', '19500', '0', '600', '0', '5', 'onlinepay', '', 'alipay_pc_direct', '{\"id\":65,\"uid\":1,\"update_time\":1541675477,\"name\":\"\\u5927\\u8499\",\"phone\":\"18618380435\",\"province\":110000,\"city\":110100,\"district\":110101,\"address\":\"\\u9752\\u5e74\\u6c9f\\u8def\\u5b89\\u6e90\\u5927\\u53a6411\\u5ba4xxx\",\"create_time\":1540882249}', '', '\"{\\\"remark\\\":\\\"\\\",\\\"invoice_title\\\":\\\"\\\"}\"', '[{\"sku_id\":\"22;\\u989c\\u8272:\\u7070\\u8272;\\u5c3a\\u7801:L\",\"quantity\":1,\"paid_price\":18900,\"title\":\"\\u7f8e\\u7279\\u65af\\u90a6\\u5a01\\u8fde\\u8863\\u88d9\\u5973\\u58eb\\u79cb\\u51ac\\u88c5\\u4e2d\\u957f\\u6b3e\\u4fee\\u8eab\\u5305\\u81c0\\u9488\\u7ec7\\u88d9\\u5b50\\u523a\\u7ee3\\u97e9\\u7248\\u6f6e\",\"main_img\":92}]', '1');
INSERT INTO `muucmf_muushop_order` VALUES ('352', '20181120093416752295', '106.118.125.93', '1', '1542677656', '1542677656', '0', '0', '0', '0', '19500', '0', '600', '0', '5', 'onlinepay', '', 'alipay_pc_direct', '{\"id\":65,\"uid\":1,\"update_time\":1541675477,\"name\":\"\\u5927\\u8499\",\"phone\":\"18618380435\",\"province\":110000,\"city\":110100,\"district\":110101,\"address\":\"\\u9752\\u5e74\\u6c9f\\u8def\\u5b89\\u6e90\\u5927\\u53a6411\\u5ba4xxx\",\"create_time\":1540882249}', '', '\"{\\\"remark\\\":\\\"\\\",\\\"invoice_title\\\":\\\"\\\"}\"', '[{\"sku_id\":\"22;\\u989c\\u8272:\\u9ed1\\u8272;\\u5c3a\\u7801:XL\",\"quantity\":1,\"paid_price\":18900,\"title\":\"\\u7f8e\\u7279\\u65af\\u90a6\\u5a01\\u8fde\\u8863\\u88d9\\u5973\\u58eb\\u79cb\\u51ac\\u88c5\\u4e2d\\u957f\\u6b3e\\u4fee\\u8eab\\u5305\\u81c0\\u9488\\u7ec7\\u88d9\\u5b50\\u523a\\u7ee3\\u97e9\\u7248\\u6f6e\",\"main_img\":92}]', '1');
INSERT INTO `muucmf_muushop_order` VALUES ('353', '20181120171429130328', '106.118.125.93', '1', '1542705269', '1542705269', '0', '0', '0', '0', '10500', '0', '600', '0', '10', 'onlinepay', '', 'alipay_pc_direct', '{\"id\":65,\"uid\":1,\"update_time\":1541675477,\"name\":\"\\u5927\\u8499\",\"phone\":\"18618380435\",\"province\":110000,\"city\":110100,\"district\":110101,\"address\":\"\\u9752\\u5e74\\u6c9f\\u8def\\u5b89\\u6e90\\u5927\\u53a6411\\u5ba4xxx\",\"create_time\":1540882249}', '', '\"{\\\"remark\\\":\\\"\\\",\\\"invoice_title\\\":\\\"\\\"}\"', '[{\"sku_id\":\"16;\\u5c3a\\u7801:M;\\u6f14\\u793a:\\u6d45\\u7070\",\"quantity\":1,\"paid_price\":9900,\"title\":\"\\u68ee\\u9a6cT\\u6064\\u59732018\\u6625\\u5b63\\u65b0\\u6b3e\\u663e\\u7626\\u4e03\\u5206\\u8896\\u6f6e\\u6d41\\u5b57\\u6bcd\\u523a\\u7ee3\\u5706\\u9886\\u5957\\u5934\\u6f6e\\u6d41\",\"main_img\":41}]', '1');
INSERT INTO `muucmf_muushop_order` VALUES ('354', '20181120171446798431', '106.118.125.93', '1', '1542705286', '1542705286', '0', '0', '0', '0', '10500', '0', '600', '0', '10', 'delivery', '', '', '{\"id\":65,\"uid\":1,\"update_time\":1541675477,\"name\":\"\\u5927\\u8499\",\"phone\":\"18618380435\",\"province\":110000,\"city\":110100,\"district\":110101,\"address\":\"\\u9752\\u5e74\\u6c9f\\u8def\\u5b89\\u6e90\\u5927\\u53a6411\\u5ba4xxx\",\"create_time\":1540882249}', '', '\"{\\\"remark\\\":\\\"\\\",\\\"invoice_title\\\":\\\"\\\"}\"', '[{\"sku_id\":\"16;\\u5c3a\\u7801:M;\\u6f14\\u793a:\\u6df1\\u7070\",\"quantity\":1,\"paid_price\":9900,\"title\":\"\\u68ee\\u9a6cT\\u6064\\u59732018\\u6625\\u5b63\\u65b0\\u6b3e\\u663e\\u7626\\u4e03\\u5206\\u8896\\u6f6e\\u6d41\\u5b57\\u6bcd\\u523a\\u7ee3\\u5706\\u9886\\u5957\\u5934\\u6f6e\\u6d41\",\"main_img\":41}]', '2');
INSERT INTO `muucmf_muushop_order` VALUES ('355', '20181120174509836765', '106.118.125.93', '1', '1542707109', '1542707109', '0', '0', '0', '0', '10500', '0', '600', '0', '10', 'onlinepay', '', 'alipay_pc_direct', '{\"id\":65,\"uid\":1,\"update_time\":1541675477,\"name\":\"\\u5927\\u8499\",\"phone\":\"18618380435\",\"province\":110000,\"city\":110100,\"district\":110101,\"address\":\"\\u9752\\u5e74\\u6c9f\\u8def\\u5b89\\u6e90\\u5927\\u53a6411\\u5ba4xxx\",\"create_time\":1540882249}', '', '\"{\\\"remark\\\":\\\"\\\",\\\"invoice_title\\\":\\\"\\\"}\"', '[{\"sku_id\":\"16;\\u5c3a\\u7801:L;\\u6f14\\u793a:\\u6d45\\u7070\",\"quantity\":1,\"paid_price\":9900,\"title\":\"\\u68ee\\u9a6cT\\u6064\\u59732018\\u6625\\u5b63\\u65b0\\u6b3e\\u663e\\u7626\\u4e03\\u5206\\u8896\\u6f6e\\u6d41\\u5b57\\u6bcd\\u523a\\u7ee3\\u5706\\u9886\\u5957\\u5934\\u6f6e\\u6d41\",\"main_img\":41}]', '1');
INSERT INTO `muucmf_muushop_order` VALUES ('356', '20181123092904265303', '123.181.252.147', '1', '1542936544', '1542936544', '0', '0', '0', '0', '10500', '0', '600', '0', '10', 'onlinepay', '', 'wx_pub_qr', '{\"id\":65,\"uid\":1,\"update_time\":1541675477,\"name\":\"\\u5927\\u8499\",\"phone\":\"18618380435\",\"province\":110000,\"city\":110100,\"district\":110101,\"address\":\"\\u9752\\u5e74\\u6c9f\\u8def\\u5b89\\u6e90\\u5927\\u53a6411\\u5ba4xxx\",\"create_time\":1540882249}', '', '\"{\\\"remark\\\":\\\"\\\",\\\"invoice_title\\\":\\\"\\\"}\"', '[{\"sku_id\":\"16;\\u5c3a\\u7801:M;\\u6f14\\u793a:\\u6d45\\u7070\",\"quantity\":1,\"paid_price\":9900,\"title\":\"\\u68ee\\u9a6cT\\u6064\\u59732018\\u6625\\u5b63\\u65b0\\u6b3e\\u663e\\u7626\\u4e03\\u5206\\u8896\\u6f6e\\u6d41\\u5b57\\u6bcd\\u523a\\u7ee3\\u5706\\u9886\\u5957\\u5934\\u6f6e\\u6d41\",\"main_img\":41}]', '1');
INSERT INTO `muucmf_muushop_order` VALUES ('357', '20181123191932278842', '123.181.252.147', '1', '1542971972', '1542971972', '0', '0', '0', '0', '10500', '0', '600', '0', '10', 'onlinepay', '', 'wx_pub_qr', '{\"id\":65,\"uid\":1,\"update_time\":1541675477,\"name\":\"\\u5927\\u8499\",\"phone\":\"18618380435\",\"province\":110000,\"city\":110100,\"district\":110101,\"address\":\"\\u9752\\u5e74\\u6c9f\\u8def\\u5b89\\u6e90\\u5927\\u53a6411\\u5ba4xxx\",\"create_time\":1540882249}', '', '\"{\\\"remark\\\":\\\"\\\",\\\"invoice_title\\\":\\\"\\\"}\"', '[{\"sku_id\":\"16;\\u5c3a\\u7801:L;\\u6f14\\u793a:\\u6df1\\u7070\",\"quantity\":1,\"paid_price\":9900,\"title\":\"\\u68ee\\u9a6cT\\u6064\\u59732018\\u6625\\u5b63\\u65b0\\u6b3e\\u663e\\u7626\\u4e03\\u5206\\u8896\\u6f6e\\u6d41\\u5b57\\u6bcd\\u523a\\u7ee3\\u5706\\u9886\\u5957\\u5934\\u6f6e\\u6d41\",\"main_img\":41}]', '1');
INSERT INTO `muucmf_muushop_order` VALUES ('358', '20181124072350407401', '123.181.252.147', '1', '1543015430', '1543015430', '0', '0', '0', '0', '10500', '0', '600', '0', '10', 'onlinepay', '', 'wx_pub_qr', '{\"id\":65,\"uid\":1,\"update_time\":1541675477,\"name\":\"\\u5927\\u8499\",\"phone\":\"18618380435\",\"province\":110000,\"city\":110100,\"district\":110101,\"address\":\"\\u9752\\u5e74\\u6c9f\\u8def\\u5b89\\u6e90\\u5927\\u53a6411\\u5ba4xxx\",\"create_time\":1540882249}', '', '\"{\\\"remark\\\":\\\"\\\",\\\"invoice_title\\\":\\\"\\\"}\"', '[{\"sku_id\":\"16;\\u5c3a\\u7801:M;\\u6f14\\u793a:\\u6d45\\u7070\",\"quantity\":1,\"paid_price\":9900,\"title\":\"\\u68ee\\u9a6cT\\u6064\\u59732018\\u6625\\u5b63\\u65b0\\u6b3e\\u663e\\u7626\\u4e03\\u5206\\u8896\\u6f6e\\u6d41\\u5b57\\u6bcd\\u523a\\u7ee3\\u5706\\u9886\\u5957\\u5934\\u6f6e\\u6d41\",\"main_img\":41}]', '1');
INSERT INTO `muucmf_muushop_order` VALUES ('359', '20181124131548506827', '123.181.252.147', '1', '1543036548', '1543036548', '0', '0', '0', '0', '10500', '0', '600', '0', '10', 'onlinepay', '', 'wx_pub_qr', '{\"id\":65,\"uid\":1,\"update_time\":1541675477,\"name\":\"\\u5927\\u8499\",\"phone\":\"18618380435\",\"province\":110000,\"city\":110100,\"district\":110101,\"address\":\"\\u9752\\u5e74\\u6c9f\\u8def\\u5b89\\u6e90\\u5927\\u53a6411\\u5ba4xxx\",\"create_time\":1540882249}', '', '\"{\\\"remark\\\":\\\"\\\",\\\"invoice_title\\\":\\\"\\\"}\"', '[{\"sku_id\":\"16;\\u5c3a\\u7801:L;\\u6f14\\u793a:\\u6df1\\u7070\",\"quantity\":1,\"paid_price\":9900,\"title\":\"\\u68ee\\u9a6cT\\u6064\\u59732018\\u6625\\u5b63\\u65b0\\u6b3e\\u663e\\u7626\\u4e03\\u5206\\u8896\\u6f6e\\u6d41\\u5b57\\u6bcd\\u523a\\u7ee3\\u5706\\u9886\\u5957\\u5934\\u6f6e\\u6d41\",\"main_img\":41}]', '1');
INSERT INTO `muucmf_muushop_order` VALUES ('360', '20181125163553565688', '123.181.252.147', '1', '1543107735', '1543134953', '0', '0', '0', '0', '9900', '600', '0', '0', '10', 'onlinepay', '', 'wx_pub_qr', '{\"id\":65,\"uid\":1,\"update_time\":1541675477,\"name\":\"\\u5927\\u8499\",\"phone\":\"18618380435\",\"province\":110000,\"city\":110100,\"district\":110101,\"address\":\"\\u9752\\u5e74\\u6c9f\\u8def\\u5b89\\u6e90\\u5927\\u53a6411\\u5ba4xxx\",\"create_time\":1540882249}', '', '\"{\\\"remark\\\":\\\"\\\",\\\"invoice_title\\\":\\\"\\\"}\"', '[{\"sku_id\":\"16;\\u5c3a\\u7801:M;\\u6f14\\u793a:\\u6d45\\u7070\",\"quantity\":1,\"paid_price\":9900,\"title\":\"\\u68ee\\u9a6cT\\u6064\\u59732018\\u6625\\u5b63\\u65b0\\u6b3e\\u663e\\u7626\\u4e03\\u5206\\u8896\\u6f6e\\u6d41\\u5b57\\u6bcd\\u523a\\u7ee3\\u5706\\u9886\\u5957\\u5934\\u6f6e\\u6d41\",\"main_img\":41}]', '1');
INSERT INTO `muucmf_muushop_order` VALUES ('361', '20181126094636190173', '123.181.252.147', '1', '1543111175', '1543539798', '0', '0', '0', '0', '8300', '7800', '600', '0', '15', 'onlinepay', '', 'wx_pub_qr', '{\"id\":65,\"uid\":1,\"update_time\":1541675477,\"name\":\"\\u5927\\u8499\",\"phone\":\"18618380435\",\"province\":110000,\"city\":110100,\"district\":110101,\"address\":\"\\u9752\\u5e74\\u6c9f\\u8def\\u5b89\\u6e90\\u5927\\u53a6411\\u5ba4xxx\",\"create_time\":1540882249}', '', '\"{\\\"remark\\\":\\\"\\\",\\\"invoice_title\\\":\\\"\\\"}\"', '[{\"sku_id\":\"15\",\"quantity\":1,\"paid_price\":1100,\"title\":\"\\u7199\\u4e16\\u754c2018\\u79cb\\u5b63\\u65b0\\u6b3eV\\u9886\\u4e0a\\u8863\\u5973\\u4e03\\u5206\\u8896T\\u6064ins\\u8d85\\u706b\\u4e0a\\u8863\\u5973\",\"main_img\":22},{\"sku_id\":\"16;\\u5c3a\\u7801:M;\\u6f14\\u793a:\\u6df1\\u7070\",\"quantity\":1,\"paid_price\":6600,\"title\":\"\\u68ee\\u9a6cT\\u6064\\u59732018\\u6625\\u5b63\\u65b0\\u6b3e\\u663e\\u7626\\u4e03\\u5206\\u8896\\u6f6e\\u6d41\\u5b57\\u6bcd\\u523a\\u7ee3\\u5706\\u9886\\u5957\\u5934\\u6f6e\\u6d41\",\"main_img\":41}]', '1');
INSERT INTO `muucmf_muushop_order` VALUES ('362', '20181125172728192169', '124.237.89.60', '1', '1543138048', '1543138048', '0', '0', '0', '0', '10500', '0', '600', '0', '10', 'delivery', '', '', '{\"id\":65,\"uid\":1,\"update_time\":1541675477,\"name\":\"\\u5927\\u8499\",\"phone\":\"18618380435\",\"province\":110000,\"city\":110100,\"district\":110101,\"address\":\"\\u9752\\u5e74\\u6c9f\\u8def\\u5b89\\u6e90\\u5927\\u53a6411\\u5ba4xxx\",\"create_time\":1540882249}', '', '\"{\\\"remark\\\":\\\"\\\",\\\"invoice_title\\\":\\\"\\\"}\"', '[{\"sku_id\":\"16;\\u5c3a\\u7801:M;\\u6f14\\u793a:\\u6df1\\u7070\",\"quantity\":1,\"paid_price\":9900,\"title\":\"\\u68ee\\u9a6cT\\u6064\\u59732018\\u6625\\u5b63\\u65b0\\u6b3e\\u663e\\u7626\\u4e03\\u5206\\u8896\\u6f6e\\u6d41\\u5b57\\u6bcd\\u523a\\u7ee3\\u5706\\u9886\\u5957\\u5934\\u6f6e\\u6d41\",\"main_img\":41}]', '2');
INSERT INTO `muucmf_muushop_order` VALUES ('363', '20181126110106674512', '124.237.89.60', '1', '1543201266', '1543201739', '0', '0', '0', '0', '20586', '0', '600', '0', '0', 'onlinepay', '', 'alipay_pc_direct', '{\"id\":65,\"uid\":1,\"update_time\":1541675477,\"name\":\"\\u5927\\u8499\",\"phone\":\"18618380435\",\"province\":110000,\"city\":110100,\"district\":110101,\"address\":\"\\u9752\\u5e74\\u6c9f\\u8def\\u5b89\\u6e90\\u5927\\u53a6411\\u5ba4xxx\",\"create_time\":1540882249}', '', '\"{\\\"remark\\\":\\\"\\\",\\\"invoice_title\\\":\\\"\\\"}\"', '[{\"sku_id\":\"21;\\u989c\\u8272:\\u7c89\\u5ae9;\\u5c3a\\u7801:M\",\"quantity\":1,\"paid_price\":19986,\"title\":\"\\u5996\\u7cbe\\u7684\\u53e3\\u888b\\u5c11\\u5e74\\u4e0d\\u77e5\\u6101\\u79cb\\u88c5\\u65b0\\u6b3e\\u590d\\u53e4\\u5bbd\\u677e\\u6536\\u8170\\u9886\\u5e26\\u8fde\\u8863\\u88d9\\u5973\",\"main_img\":84}]', '10');
INSERT INTO `muucmf_muushop_order` VALUES ('364', '20181126110555801874', '124.237.89.60', '1', '1543201555', '1543201555', '0', '0', '0', '0', '1090', '10', '600', '10', '5', 'delivery', '', '', '{\"id\":65,\"uid\":1,\"update_time\":1541675477,\"name\":\"\\u5927\\u8499\",\"phone\":\"18618380435\",\"province\":110000,\"city\":110100,\"district\":110101,\"address\":\"\\u9752\\u5e74\\u6c9f\\u8def\\u5b89\\u6e90\\u5927\\u53a6411\\u5ba4xxx\",\"create_time\":1540882249}', '', '\"{\\\"remark\\\":\\\"\\\",\\\"invoice_title\\\":\\\"\\\"}\"', '[{\"sku_id\":\"15\",\"quantity\":1,\"paid_price\":500,\"title\":\"\\u7199\\u4e16\\u754c2018\\u79cb\\u5b63\\u65b0\\u6b3eV\\u9886\\u4e0a\\u8863\\u5973\\u4e03\\u5206\\u8896T\\u6064ins\\u8d85\\u706b\\u4e0a\\u8863\\u5973\",\"main_img\":22}]', '2');
INSERT INTO `muucmf_muushop_order` VALUES ('365', '20181126121742825752', '124.237.89.60', '1', '1543205862', '1543538183', '0', '0', '0', '0', '10500', '0', '600', '0', '10', 'onlinepay', '', 'wx_pub_qr', '{\"id\":65,\"uid\":1,\"update_time\":1541675477,\"name\":\"\\u5927\\u8499\",\"phone\":\"18618380435\",\"province\":110000,\"city\":110100,\"district\":110101,\"address\":\"\\u9752\\u5e74\\u6c9f\\u8def\\u5b89\\u6e90\\u5927\\u53a6411\\u5ba4xxx\",\"create_time\":1540882249}', '', '\"{\\\"remark\\\":\\\"\\\",\\\"invoice_title\\\":\\\"\\\"}\"', '[{\"sku_id\":\"16;\\u5c3a\\u7801:M;\\u6f14\\u793a:\\u6df1\\u7070\",\"quantity\":1,\"paid_price\":9900,\"title\":\"\\u68ee\\u9a6cT\\u6064\\u59732018\\u6625\\u5b63\\u65b0\\u6b3e\\u663e\\u7626\\u4e03\\u5206\\u8896\\u6f6e\\u6d41\\u5b57\\u6bcd\\u523a\\u7ee3\\u5706\\u9886\\u5957\\u5934\\u6f6e\\u6d41\",\"main_img\":41}]', '1');
INSERT INTO `muucmf_muushop_order` VALUES ('366', '20181129091134770777', '124.237.89.60', '1', '1543453894', '1543538191', '0', '0', '0', '0', '1100', '0', '600', '0', '5', 'onlinepay', '', 'wx_pub_qr', '{\"id\":65,\"uid\":1,\"update_time\":1541675477,\"name\":\"\\u5927\\u8499\",\"phone\":\"18618380435\",\"province\":110000,\"city\":110100,\"district\":110101,\"address\":\"\\u9752\\u5e74\\u6c9f\\u8def\\u5b89\\u6e90\\u5927\\u53a6411\\u5ba4xxx\",\"create_time\":1540882249}', '', '\"{\\\"remark\\\":\\\"\\\",\\\"invoice_title\\\":\\\"\\\"}\"', '[{\"sku_id\":\"15\",\"quantity\":1,\"paid_price\":500,\"title\":\"\\u7199\\u4e16\\u754c2018\\u79cb\\u5b63\\u65b0\\u6b3eV\\u9886\\u4e0a\\u8863\\u5973\\u4e03\\u5206\\u8896T\\u6064ins\\u8d85\\u706b\\u4e0a\\u8863\\u5973\",\"main_img\":22}]', '1');
INSERT INTO `muucmf_muushop_order` VALUES ('367', '20181130103124573494', '124.237.89.60', '1', '1543545084', '1543545218', '0', '0', '0', '0', '19500', '0', '600', '0', '5', 'onlinepay', '', 'wx_pub_qr', '{\"id\":65,\"uid\":1,\"update_time\":1541675477,\"name\":\"\\u5927\\u8499\",\"phone\":\"18618380435\",\"province\":110000,\"city\":110100,\"district\":110101,\"address\":\"\\u9752\\u5e74\\u6c9f\\u8def\\u5b89\\u6e90\\u5927\\u53a6411\\u5ba4xxx\",\"create_time\":1540882249}', '', '\"{\\\"remark\\\":\\\"\\\",\\\"invoice_title\\\":\\\"\\\"}\"', '[{\"sku_id\":\"22;\\u989c\\u8272:\\u7070\\u8272;\\u5c3a\\u7801:S\",\"quantity\":1,\"paid_price\":18900,\"title\":\"\\u7f8e\\u7279\\u65af\\u90a6\\u5a01\\u8fde\\u8863\\u88d9\\u5973\\u58eb\\u79cb\\u51ac\\u88c5\\u4e2d\\u957f\\u6b3e\\u4fee\\u8eab\\u5305\\u81c0\\u9488\\u7ec7\\u88d9\\u5b50\\u523a\\u7ee3\\u97e9\\u7248\\u6f6e\",\"main_img\":92}]', '10');
INSERT INTO `muucmf_muushop_order` VALUES ('368', '20181130164659943632', '124.237.89.60', '1', '1543567619', '1543567624', '0', '0', '0', '0', '19500', '0', '600', '0', '5', 'onlinepay', '', 'alipay_pc_direct', '{\"id\":65,\"uid\":1,\"update_time\":1541675477,\"name\":\"\\u5927\\u8499\",\"phone\":\"18618380435\",\"province\":110000,\"city\":110100,\"district\":110101,\"address\":\"\\u9752\\u5e74\\u6c9f\\u8def\\u5b89\\u6e90\\u5927\\u53a6411\\u5ba4xxx\",\"create_time\":1540882249}', '', '\"{\\\"remark\\\":\\\"\\\",\\\"invoice_title\\\":\\\"\\\"}\"', '[{\"sku_id\":\"22;\\u989c\\u8272:\\u9ed1\\u8272;\\u5c3a\\u7801:S\",\"quantity\":1,\"paid_price\":18900,\"title\":\"\\u7f8e\\u7279\\u65af\\u90a6\\u5a01\\u8fde\\u8863\\u88d9\\u5973\\u58eb\\u79cb\\u51ac\\u88c5\\u4e2d\\u957f\\u6b3e\\u4fee\\u8eab\\u5305\\u81c0\\u9488\\u7ec7\\u88d9\\u5b50\\u523a\\u7ee3\\u97e9\\u7248\\u6f6e\",\"main_img\":92}]', '1');
INSERT INTO `muucmf_muushop_order` VALUES ('369', '20181130165828833929', '124.237.89.60', '1', '1543568308', '1543568316', '0', '0', '0', '0', '20586', '0', '600', '0', '0', 'onlinepay', '', 'alipay_pc_direct', '{\"id\":71,\"uid\":1,\"update_time\":1543568258,\"name\":\"dsfssf\",\"phone\":\"13426436565\",\"province\":110000,\"city\":110100,\"district\":110101,\"address\":\"sdfsdsfsdf\",\"create_time\":1543568197}', '', '\"{\\\"remark\\\":\\\"\\\",\\\"invoice_title\\\":\\\"\\\"}\"', '[{\"sku_id\":\"21;\\u989c\\u8272:\\u7c89\\u5ae9;\\u5c3a\\u7801:S\",\"quantity\":1,\"paid_price\":19986,\"title\":\"\\u5996\\u7cbe\\u7684\\u53e3\\u888b\\u5c11\\u5e74\\u4e0d\\u77e5\\u6101\\u79cb\\u88c5\\u65b0\\u6b3e\\u590d\\u53e4\\u5bbd\\u677e\\u6536\\u8170\\u9886\\u5e26\\u8fde\\u8863\\u88d9\\u5973\",\"main_img\":84}]', '1');
-- -----------------------------
-- 表内记录 `muucmf_muushop_product`
-- -----------------------------
INSERT INTO `muucmf_muushop_product` VALUES ('14', '40', '熙世界黑色长袖T恤女2018秋季新款印花圆领宽松打底上衣', '熙世界黑色长袖T恤女2018秋季新款印花圆领宽松打底上衣', '<p style=\"text-align: center;\"><img src=\"/uploads/picture/20181024/8564d69cdc4b7eec4de7be91a291d5f7.jpg\"><img src=\"/uploads/picture/20181024/4b4d96e007971830345ba7c6da0cca26.jpg\"><img src=\"/uploads/picture/20181024/0122d126d7e8f394642a3ec811dfe984.jpg\"><img src=\"/uploads/picture/20181024/5ca67d2923aa66e16e6d2e472d9e9128.jpg\"><img src=\"/uploads/picture/20181024/fb87861d05f162e8d0fbf29e8777b812.jpg\"><img src=\"/uploads/picture/20181024/bb698c0311730df24f7224e7e45b7669.jpg\"><br></p>', '31', '32,33,31,34', '0', '0', '0', '0', '0', '0', '0', '13900', '36600', '100', '111111', '0', '1,2', '1', '0', '0', '', '', '3', '1540202908', '1540440831', '1', '1');
INSERT INTO `muucmf_muushop_product` VALUES ('15', '43', '熙世界2018秋季新款V领上衣女七分袖T恤ins超火上衣女', '熙世界2018秋季新款V领上衣女七分袖T恤ins超火上衣女', '<p style=\"text-align: center;\"><img src=\"/uploads/picture/20181024/d07eae2e98682f94648c1ffc6e212126.jpg\"><br></p><p style=\"text-align: center;\"><br></p><p style=\"text-align: center;\"><img src=\"/uploads/picture/20181024/ad9c44f88199b89bcbfdd18580569b06.jpg\"></p><p style=\"text-align: center;\"><img src=\"/uploads/picture/20181024/5a7c8c516c4a7e4425ec0d44f2f3daef.jpg\"></p><p style=\"text-align: center;\"><img src=\"/uploads/picture/20181024/f013dc9988408314eeb95574e9d857e4.jpg\"></p><p style=\"text-align: center;\"><img src=\"/uploads/picture/20181024/b106fd08b7038143da623843d43be5c4.jpg\"><br></p>', '22', '23,22,24,25', '0', '0', '0', '0', '14', '0', '0', '500', '16900', '999996', '112233', '0', '2,4', '5', '0', '0', '', '', '3', '1540344905', '1543453894', '0', '1');
INSERT INTO `muucmf_muushop_product` VALUES ('16', '42', '森马T恤女2018春季新款显瘦七分袖潮流字母刺绣圆领套头潮流', '【3折价：38.7元，狂欢返场1件3折疯抢，仅限24-25日】森马T恤女2018春季新款显瘦七分袖潮流字母刺绣圆领套头潮流', '<p style=\"text-align: center;\"><img src=\"/uploads/picture/20181024/1360d72248f99628ab78bf2c7094d540.jpg\"><br></p><p style=\"text-align: center;\"><img src=\"/uploads/picture/20181024/fd403d99249b7f425961572f43d24feb.jpg\"><br></p>', '41', '41,42,43,44,45', '0', '0', '0', '0', '46', '0', '0', '9900', '36600', '10', '112233', '0', '1,2,4', '10', '0', '0', '{\"table\":{\"\\u5c3a\\u7801\":[\"S\",\"M\",\"L\"],\"\\u6f14\\u793a\":[\"\\u6df1\\u7070\",\"\\u6d45\\u7070\"]},\"info\":{\"\\u5c3a\\u7801:S;\\u6f14\\u793a:\\u6df1\\u7070\":{\"price\":\"9900\",\"ori_price\":\"36600\",\"quantity\":0},\"\\u5c3a\\u7801:S;\\u6f14\\u793a:\\u6d45\\u7070\":{\"price\":\"9900\",\"ori_price\":\"36600\",\"quantity\":0},\"\\u5c3a\\u7801:M;\\u6f14\\u793a:\\u6df1\\u7070\":{\"price\":\"9900\",\"ori_price\":\"36600\",\"quantity\":6},\"\\u5c3a\\u7801:M;\\u6f14\\u793a:\\u6d45\\u7070\":{\"price\":\"9900\",\"ori_price\":\"36600\",\"quantity\":0},\"\\u5c3a\\u7801:L;\\u6f14\\u793a:\\u6df1\\u7070\":{\"price\":\"9900\",\"ori_price\":\"36600\",\"quantity\":8},\"\\u5c3a\\u7801:L;\\u6f14\\u793a:\\u6d45\\u7070\":{\"price\":\"9900\",\"ori_price\":\"36600\",\"quantity\":0}}}', '', '3', '1540360783', '1543205862', '0', '1');
INSERT INTO `muucmf_muushop_product` VALUES ('17', '43', '裂帛女装2018秋新款高领刺绣长袖宽松款毛衣女', '裂帛女装2018秋新款高领刺绣长袖宽松款毛衣女', '<p style=\"text-align: center;\"><img src=\"/uploads/picture/20181025/13e3fa10611e9ee311af78c7f4bda3aa.jpg\"><img src=\"/uploads/picture/20181025/3f86e5e1a491183156f0d03d498da44b.jpg\"><br></p><p style=\"text-align: center;\"><img src=\"/uploads/picture/20181025/f093bf320f65e99f305a140ccd5da9b5.jpg\"><br></p><p style=\"text-align: center;\"><br></p><p style=\"text-align: center;\"><br></p><p style=\"text-align: center;\"><br></p><p style=\"text-align: center;\"><br></p><p style=\"text-align: center;\"><br></p><p style=\"text-align: center;\"><br></p>', '48', '49,51,52,50,48', '0', '0', '0', '0', '4', '0', '0', '41900', '86800', '6', 'k77568', '0', '1,2,4', '10', '0', '0', '', '', '3', '1540452537', '1542599622', '0', '1');
INSERT INTO `muucmf_muushop_product` VALUES ('18', '43', '2018秋装新款圆领落肩长袖衫显瘦前短后长宽松毛衣女', '', '<p style=\"text-align: center;\"><img src=\"/uploads/picture/20181025/f6ab4588e91c97fc2a6f550cd2f09716.jpg\"><br></p><p style=\"text-align: center;\"><img src=\"/uploads/picture/20181025/7e32a924380706a83a97e6e449127378.jpg\"><br></p><p style=\"text-align: center;\"><br></p><p style=\"text-align: center;\"><br></p><p style=\"text-align: center;\"><br></p>', '56', '56,57,58,60,59', '0', '0', '0', '0', '2', '0', '0', '36900', '66600', '7', 'k433343', '0', '1,2,4', '10', '0', '0', '', '', '3', '1540452683', '1541236954', '0', '1');
INSERT INTO `muucmf_muushop_product` VALUES ('19', '44', '裂帛女装2018秋新款高领提花长袖裙子连衣裙女', '', '<p style=\"text-align: center;\"><img src=\"/uploads/picture/20181025/9e4514f68f7250a48ac8dea4b29d3a1b.jpg\"><br></p><p style=\"text-align: center;\"><img src=\"/uploads/picture/20181025/2d7acb5f96f0acf9ff67e31d64181fd6.jpg\"><br></p><p style=\"text-align: center;\"><img src=\"/uploads/picture/20181025/a55ea8338101b313ebc5522a4b85a849.jpg\"><br></p><p style=\"text-align: center;\"><br></p><p style=\"text-align: center;\"><br></p><p style=\"text-align: center;\"><br></p>', '63', '64,65,66,67,63', '0', '0', '0', '0', '1', '0', '0', '51900', '129900', '9', '1111111111', '0', '1,2,4', '10', '0', '0', '', '', '3', '1540453026', '1541469199', '0', '1');
INSERT INTO `muucmf_muushop_product` VALUES ('20', '42', '妖精的口袋丛林&草原冬装新款复古拼接麂皮绒短款毛呢外套女', '10.20-10.25 超值特惠', '<p style=\"text-align: center;\"><img src=\"/uploads/picture/20181026/24af63a7b281214a9188f192ab729b37.jpg\"><br></p><p style=\"text-align: center;\"><img src=\"/uploads/picture/20181026/89beb193eafe24b16abde433f0007932.jpg\"><br></p><p style=\"text-align: center;\"><img src=\"/uploads/picture/20181026/78e5b27a5a45c0eb08f0fed189d74ea8.jpg\"><br></p>', '76', '77,76,78,79,80', '0', '0', '0', '0', '11', '0', '0', '31600', '78900', '10', '', '0', '1,2,4', '0', '0', '0', '{\"table\":{\"\\u5c3a\\u7801\":[\"S\",\"M\",\"L\",\"XL\"]},\"info\":{\"\\u5c3a\\u7801:S\":{\"price\":\"31600\",\"ori_price\":\"78900\",\"quantity\":6},\"\\u5c3a\\u7801:M\":{\"price\":\"31600\",\"ori_price\":\"78900\",\"quantity\":7},\"\\u5c3a\\u7801:L\":{\"price\":\"31600\",\"ori_price\":\"78900\",\"quantity\":9},\"\\u5c3a\\u7801:XL\":{\"price\":\"31600\",\"ori_price\":\"78900\",\"quantity\":7}}}', '', '3', '1540512425', '1542540487', '0', '1');
INSERT INTO `muucmf_muushop_product` VALUES ('21', '44', '妖精的口袋少年不知愁秋装新款复古宽松收腰领带连衣裙女', '超值特惠', '<p style=\"text-align: center;\"><img src=\"/uploads/picture/20181026/2978949204a81d3af3b3d39acbad23f5.jpg\"><br></p><p style=\"text-align: center;\"><img src=\"/uploads/picture/20181026/35b82ba7f51377f6068025ad75a0737b.jpg\"><br></p>', '84', '84,85,86,87,88', '0', '0', '0', '0', '22', '0', '0', '19986', '36600', '10', '', '0', '1,2,4', '0', '0', '0', '{\"table\":{\"\\u989c\\u8272\":[\"\\u85cf\\u84dd\",\"\\u7c89\\u5ae9\"],\"\\u5c3a\\u7801\":[\"S\",\"M\",\"L\"]},\"info\":{\"\\u989c\\u8272:\\u85cf\\u84dd;\\u5c3a\\u7801:S\":{\"price\":\"16800\",\"ori_price\":\"36600\",\"quantity\":1},\"\\u989c\\u8272:\\u85cf\\u84dd;\\u5c3a\\u7801:M\":{\"price\":\"19986\",\"ori_price\":\"36600\",\"quantity\":6},\"\\u989c\\u8272:\\u85cf\\u84dd;\\u5c3a\\u7801:L\":{\"price\":\"19986\",\"ori_price\":\"36600\",\"quantity\":9},\"\\u989c\\u8272:\\u7c89\\u5ae9;\\u5c3a\\u7801:S\":{\"price\":\"19986\",\"ori_price\":\"36600\",\"quantity\":9},\"\\u989c\\u8272:\\u7c89\\u5ae9;\\u5c3a\\u7801:M\":{\"price\":\"19986\",\"ori_price\":\"36600\",\"quantity\":1},\"\\u989c\\u8272:\\u7c89\\u5ae9;\\u5c3a\\u7801:L\":{\"price\":\"19986\",\"ori_price\":\"36600\",\"quantity\":0}}}', '', '3', '1540536738', '1543568308', '0', '1');
INSERT INTO `muucmf_muushop_product` VALUES ('22', '43', '美特斯邦威连衣裙女士秋冬装中长款修身包臀针织裙子刺绣韩版潮', '【1件3折到手价：56.7】', '<p style=\"text-align: center;\"><img src=\"/uploads/picture/20181026/cf44c61d1530ed433c7062155fe0988f.jpg\"><img src=\"/uploads/picture/20181026/c796e3c3daeba777cae57863022b7b96.jpg\"><br></p><p style=\"text-align: center;\"><img src=\"/uploads/picture/20181026/731591e58bed09141e823971b632f291.jpg\"><br></p><p style=\"text-align: center;\"><img src=\"/uploads/picture/20181026/280d75addfcc7c0cc316ce1ee90eb726.jpg\"><br></p><p style=\"text-align: center;\"><br></p>', '92', '92,93,94,95,96', '0', '0', '0', '0', '6', '0', '0', '18900', '36600', '10', '', '0', '1,2,4', '5', '0', '0', '{\"table\":{\"\\u989c\\u8272\":[\"\\u9ed1\\u8272\",\"\\u7070\\u8272\"],\"\\u5c3a\\u7801\":[\"S\",\"M\",\"L\",\"XL\"]},\"info\":{\"\\u989c\\u8272:\\u9ed1\\u8272;\\u5c3a\\u7801:S\":{\"price\":\"18900\",\"ori_price\":\"36600\",\"quantity\":7},\"\\u989c\\u8272:\\u9ed1\\u8272;\\u5c3a\\u7801:M\":{\"price\":\"18900\",\"ori_price\":\"36600\",\"quantity\":\"5\"},\"\\u989c\\u8272:\\u9ed1\\u8272;\\u5c3a\\u7801:L\":{\"price\":\"18900\",\"ori_price\":\"36600\",\"quantity\":\"5\"},\"\\u989c\\u8272:\\u9ed1\\u8272;\\u5c3a\\u7801:XL\":{\"price\":\"18900\",\"ori_price\":\"36600\",\"quantity\":5},\"\\u989c\\u8272:\\u7070\\u8272;\\u5c3a\\u7801:S\":{\"price\":\"18900\",\"ori_price\":\"36600\",\"quantity\":4},\"\\u989c\\u8272:\\u7070\\u8272;\\u5c3a\\u7801:M\":{\"price\":\"18900\",\"ori_price\":\"36600\",\"quantity\":4},\"\\u989c\\u8272:\\u7070\\u8272;\\u5c3a\\u7801:L\":{\"price\":\"18900\",\"ori_price\":\"36600\",\"quantity\":5},\"\\u989c\\u8272:\\u7070\\u8272;\\u5c3a\\u7801:XL\":{\"price\":\"18900\",\"ori_price\":\"36600\",\"quantity\":\"0\"}}}', '', '3', '1540537097', '1543567619', '0', '1');
-- -----------------------------
-- 表内记录 `muucmf_muushop_product_cats`
-- -----------------------------
INSERT INTO `muucmf_muushop_product_cats` VALUES ('38', '8', '皮带', '', '0', '1517734710', '0', '1');
INSERT INTO `muucmf_muushop_product_cats` VALUES ('39', '0', '美容&彩妆', 'test2', '0', '0', '1', '1');
INSERT INTO `muucmf_muushop_product_cats` VALUES ('40', '0', '成衣', 'TEST', '0', '0', '0', '1');
INSERT INTO `muucmf_muushop_product_cats` VALUES ('41', '0', '小皮具', 'xpj', '0', '0', '0', '1');
INSERT INTO `muucmf_muushop_product_cats` VALUES ('42', '40', '夹克&外套', '', '0', '0', '0', '1');
INSERT INTO `muucmf_muushop_product_cats` VALUES ('43', '40', '针织&毛衣', '', '0', '0', '0', '1');
INSERT INTO `muucmf_muushop_product_cats` VALUES ('44', '40', '裙装&裤装', '', '0', '0', '0', '1');
INSERT INTO `muucmf_muushop_product_cats` VALUES ('45', '40', '毛妮&大衣', '', '0', '0', '0', '1');
INSERT INTO `muucmf_muushop_product_cats` VALUES ('46', '41', '拉链钱包', '', '0', '0', '0', '1');
INSERT INTO `muucmf_muushop_product_cats` VALUES ('47', '41', '卡片夹&零钱包', '', '0', '0', '0', '1');
INSERT INTO `muucmf_muushop_product_cats` VALUES ('48', '41', '长款钱包', '', '0', '0', '0', '1');
INSERT INTO `muucmf_muushop_product_cats` VALUES ('49', '41', '其它', '', '0', '0', '0', '1');
INSERT INTO `muucmf_muushop_product_cats` VALUES ('50', '39', '美发护发', '', '0', '0', '0', '1');
INSERT INTO `muucmf_muushop_product_cats` VALUES ('51', '39', '彩妆', '', '0', '0', '0', '1');
INSERT INTO `muucmf_muushop_product_cats` VALUES ('52', '0', '手袋', '', '0', '0', '0', '1');
INSERT INTO `muucmf_muushop_product_cats` VALUES ('53', '52', '行李箱', '', '0', '0', '0', '1');
INSERT INTO `muucmf_muushop_product_cats` VALUES ('54', '52', '手拿包', '', '0', '0', '0', '1');
INSERT INTO `muucmf_muushop_product_cats` VALUES ('55', '52', '斜挎包&双肩包', '', '0', '0', '0', '1');
INSERT INTO `muucmf_muushop_product_cats` VALUES ('56', '52', '购物袋', '', '0', '0', '0', '1');
INSERT INTO `muucmf_muushop_product_cats` VALUES ('57', '0', '鞋履系列', '', '0', '0', '0', '1');
INSERT INTO `muucmf_muushop_product_cats` VALUES ('58', '57', '平底鞋', '', '0', '0', '0', '1');
INSERT INTO `muucmf_muushop_product_cats` VALUES ('59', '57', '高跟鞋', '', '0', '0', '0', '1');
INSERT INTO `muucmf_muushop_product_cats` VALUES ('60', '57', '凉鞋', '', '0', '0', '0', '1');
INSERT INTO `muucmf_muushop_product_cats` VALUES ('61', '57', '长靴&短靴', '', '0', '0', '0', '1');
INSERT INTO `muucmf_muushop_product_cats` VALUES ('62', '57', '球鞋', '', '0', '0', '0', '1');
INSERT INTO `muucmf_muushop_product_cats` VALUES ('63', '40', '卫衣&T恤', '', '0', '0', '0', '1');
-- -----------------------------
-- 表内记录 `muucmf_muushop_product_sell`
-- -----------------------------
INSERT INTO `muucmf_muushop_product_sell` VALUES ('14', '21', '258', '1', '1541387371', '19986', '1', '{\"sku_id\":\"21;\\u989c\\u8272:\\u7c89\\u5ae9;\\u5c3a\\u7801:M\"}');
INSERT INTO `muucmf_muushop_product_sell` VALUES ('15', '20', '265', '1', '1541395714', '31600', '1', '{\"sku_id\":\"20;\\u5c3a\\u7801:M\"}');
INSERT INTO `muucmf_muushop_product_sell` VALUES ('16', '21', '221', '1', '1541395756', '19986', '1', '{\"sku_id\":\"21;\\u989c\\u8272:\\u7c89\\u5ae9;\\u5c3a\\u7801:L\"}');
INSERT INTO `muucmf_muushop_product_sell` VALUES ('17', '20', '266', '1', '1541471602', '31600', '1', '{\"sku_id\":\"20;\\u5c3a\\u7801:L\"}');
INSERT INTO `muucmf_muushop_product_sell` VALUES ('18', '16', '261', '1', '1541492258', '12900', '1', '{\"sku_id\":\"16;\\u5c3a\\u7801:L;\\u6f14\\u793a:\\u6d45\\u7070\"}');
INSERT INTO `muucmf_muushop_product_sell` VALUES ('19', '20', '267', '1', '1541492262', '31600', '1', '{\"sku_id\":\"20;\\u5c3a\\u7801:XL\"}');
INSERT INTO `muucmf_muushop_product_sell` VALUES ('20', '16', '262', '1', '1541551403', '12900', '1', '{\"sku_id\":\"16;\\u5c3a\\u7801:L;\\u6f14\\u793a:\\u6d45\\u7070\"}');
INSERT INTO `muucmf_muushop_product_sell` VALUES ('21', '21', '268', '1', '1541552642', '19986', '1', '{\"sku_id\":\"21;\\u989c\\u8272:\\u85cf\\u84dd;\\u5c3a\\u7801:M\"}');
INSERT INTO `muucmf_muushop_product_sell` VALUES ('22', '21', '269', '1', '1541553883', '19986', '1', '{\"sku_id\":\"21;\\u989c\\u8272:\\u85cf\\u84dd;\\u5c3a\\u7801:S\"}');
INSERT INTO `muucmf_muushop_product_sell` VALUES ('23', '21', '272', '1', '1541584704', '19986', '1', '{\"sku_id\":\"21;\\u989c\\u8272:\\u85cf\\u84dd;\\u5c3a\\u7801:M\"}');
INSERT INTO `muucmf_muushop_product_sell` VALUES ('24', '21', '271', '1', '1541584706', '19986', '1', '{\"sku_id\":\"21;\\u989c\\u8272:\\u85cf\\u84dd;\\u5c3a\\u7801:L\"}');
INSERT INTO `muucmf_muushop_product_sell` VALUES ('25', '21', '270', '1', '1541584709', '19986', '1', '{\"sku_id\":\"21;\\u989c\\u8272:\\u85cf\\u84dd;\\u5c3a\\u7801:S\"}');
INSERT INTO `muucmf_muushop_product_sell` VALUES ('26', '16', '255', '1', '1541672494', '12900', '1', '{\"sku_id\":\"16;\\u5c3a\\u7801:M;\\u6f14\\u793a:\\u6d45\\u7070\"}');
INSERT INTO `muucmf_muushop_product_sell` VALUES ('27', '16', '273', '1', '1541834470', '12900', '1', '{\"sku_id\":\"16;\\u5c3a\\u7801:L;\\u6f14\\u793a:\\u6d45\\u7070\"}');
INSERT INTO `muucmf_muushop_product_sell` VALUES ('28', '20', '274', '1', '1541904959', '31600', '1', '{\"sku_id\":\"20;\\u5c3a\\u7801:S\"}');
INSERT INTO `muucmf_muushop_product_sell` VALUES ('29', '20', '291', '1', '1541905025', '31600', '1', '{\"sku_id\":\"20;\\u5c3a\\u7801:S\"}');
INSERT INTO `muucmf_muushop_product_sell` VALUES ('30', '21', '290', '1', '1541982674', '19986', '1', '{\"sku_id\":\"21;\\u989c\\u8272:\\u7c89\\u5ae9;\\u5c3a\\u7801:M\"}');
INSERT INTO `muucmf_muushop_product_sell` VALUES ('31', '16', '294', '1', '1542104253', '12900', '1', '{\"sku_id\":\"16;\\u5c3a\\u7801:S;\\u6f14\\u793a:\\u6df1\\u7070\"}');
INSERT INTO `muucmf_muushop_product_sell` VALUES ('32', '16', '295', '1', '1542104346', '12900', '1', '{\"sku_id\":\"16;\\u5c3a\\u7801:S;\\u6f14\\u793a:\\u6d45\\u7070\"}');
INSERT INTO `muucmf_muushop_product_sell` VALUES ('33', '16', '348', '1', '1542680188', '9900', '1', '{\"sku_id\":\"16;\\u5c3a\\u7801:M;\\u6f14\\u793a:\\u6d45\\u7070\"}');
INSERT INTO `muucmf_muushop_product_sell` VALUES ('34', '16', '293', '1', '1542687707', '9900', '1', '{\"sku_id\":\"16;\\u5c3a\\u7801:S;\\u6f14\\u793a:\\u6df1\\u7070\"}');
INSERT INTO `muucmf_muushop_product_sell` VALUES ('35', '16', '222', '1', '1542687713', '9900', '1', '{\"sku_id\":\"16;\\u5c3a\\u7801:M;\\u6f14\\u793a:\\u6d45\\u7070\"}');
-- -----------------------------
-- 表内记录 `muucmf_muushop_service`
-- -----------------------------
INSERT INTO `muucmf_muushop_service` VALUES ('1', 'exchange', '291', '20', '1', '', '', '{\"return_express\":{\"ShipperName\":\"\\u987a\\u98ce\\u5feb\\u9012\",\"ShipperCode\":\"SF\",\"LogisticCode\":\"123456\"},\"reason\":null,\"replace_express\":{\"ShipperName\":\"\\u987a\\u98ce\\u5feb\\u9012\",\"ShipperCode\":\"SF\",\"LogisticCode\":\"123456\"}}', '4', '1542004633', '1542086031');
INSERT INTO `muucmf_muushop_service` VALUES ('2', 'exchange', '291', '20', '1', '玩儿翁二无若', '', '', '0', '1542005018', '1542005018');
INSERT INTO `muucmf_muushop_service` VALUES ('3', 'exchange', '290', '21', '1', '太大了，换小码', '', '{\"reason\":null}', '3', '1542015680', '1542086098');
INSERT INTO `muucmf_muushop_service` VALUES ('4', 'exchange', '266', '20', '1', '测试售后服务逻辑', '', '', '0', '1542021755', '1542021755');
INSERT INTO `muucmf_muushop_service` VALUES ('5', 'return', '274', '20', '1', 'tuiletuiledsfsdfsdfsdfsdfsdfs', '', '', '-1', '1542036846', '1542074381');
INSERT INTO `muucmf_muushop_service` VALUES ('6', 'exchange', '273', '16', '1', '防守打法所发生的发顺丰', '122,116', '{\"return_express\":{\"ShipperName\":\"\\u987a\\u98ce\\u5feb\\u9012\",\"ShipperCode\":\"SF\",\"LogisticCode\":\"123456\"},\"reason\":null}', '3', '1542069163', '1542088293');
INSERT INTO `muucmf_muushop_service` VALUES ('7', 'return', '272', '21', '1', '水电费水电费是', '', '{\"reason\":\"\"}', '1', '1542071914', '1542087968');
INSERT INTO `muucmf_muushop_service` VALUES ('13', 'exchange', '295', '16', '1', '鬼地方个地方郭德纲的风格大方', '', '{\"return_express\":{\"ShipperName\":\"\\u987a\\u98ce\\u5feb\\u9012\",\"ShipperCode\":\"SF\",\"LogisticCode\":\"123456\"},\"reason\":null,\"replace_express\":{\"ShipperName\":\"\\u987a\\u98ce\\u5feb\\u9012\",\"ShipperCode\":\"SF\",\"LogisticCode\":\"123456\"}}', '5', '1542104432', '1542106214');
INSERT INTO `muucmf_muushop_service` VALUES ('14', 'return', '269', '21', '1', '', '119', '', '0', '1543543540', '1543543540');
INSERT INTO `muucmf_muushop_service` VALUES ('15', 'exchange', '271', '21', '1', '', '', '', '0', '1543549837', '1543549837');
INSERT INTO `muucmf_muushop_service` VALUES ('16', 'exchange', '270', '21', '1', '', '', '{\"reason\":\"\"}', '1', '1543549880', '1543549913');
-- -----------------------------
-- 表内记录 `muucmf_muushop_user_address`
-- -----------------------------
-- -----------------------------
-- 表内记录 `muucmf_muushop_user_coupon`
-- -----------------------------
INSERT INTO `muucmf_muushop_user_coupon` VALUES ('47', '1', '1541833946', '1546185600', '0', '0', '8', '{\"title\":\"\\u65b0\\u4f18\\u60e05\\u5143\",\"img\":\"\",\"valuation\":0}', '10000', '500');
INSERT INTO `muucmf_muushop_user_coupon` VALUES ('48', '1', '1541833956', '1546185600', '0', '0', '8', '{\"title\":\"\\u65b0\\u4f18\\u60e05\\u5143\",\"img\":\"\",\"valuation\":0}', '10000', '500');
INSERT INTO `muucmf_muushop_user_coupon` VALUES ('49', '1', '1541833960', '1546185600', '289', '0', '8', '{\"title\":\"\\u65b0\\u4f18\\u60e05\\u5143\",\"img\":\"\",\"valuation\":0}', '10000', '500');
INSERT INTO `muucmf_muushop_user_coupon` VALUES ('50', '1', '1541997149', '1543507200', '0', '0', '7', '{\"title\":\"\\u6ee1\\u51cf5\\u5143\",\"img\":\"\",\"valuation\":0}', '10000', '500');
INSERT INTO `muucmf_muushop_user_coupon` VALUES ('51', '1', '1542104989', '1543507200', '0', '0', '7', '{\"title\":\"\\u6ee1\\u51cf5\\u5143\",\"img\":\"\",\"valuation\":0}', '10000', '500');
INSERT INTO `muucmf_muushop_user_coupon` VALUES ('52', '1', '1542261692', '1543507200', '0', '0', '7', '{\"title\":\"\\u6ee1\\u51cf5\\u5143\",\"img\":\"\",\"valuation\":0}', '10000', '500');
INSERT INTO `muucmf_muushop_user_coupon` VALUES ('53', '1', '1543199116', '1556553600', '0', '0', '9', '{\"title\":\"\\u6d4b\\u8bd59.9\",\"img\":0,\"valuation\":0}', '19900', '990');
INSERT INTO `muucmf_muushop_user_coupon` VALUES ('54', '1', '1543548008', '1546185600', '0', '0', '3', '{\"title\":\"1\\u5143\\u65e0\\u9650\\u5236\\u4f18\\u60e0\\u5377\",\"img\":0,\"valuation\":0}', '0', '100');
